Date,Sentiment
2015-01-05,100.0
2015-01-06,99.56892335100501
2015-01-07,100.80607010136771
2015-01-08,105.66780157225317
2015-01-09,103.45162936839796
2015-01-12,104.57359092942077
2015-01-13,106.60420988718262
2015-01-14,105.00906281241852
2015-01-15,107.2195587942373
2015-01-16,109.75479714135396
2015-01-19,110.90588372292865
2015-01-20,112.08054093664592
2015-01-21,112.17611139358702
2015-01-22,115.655829309444
2015-01-23,117.96718659030107
2015-01-26,120.5052364843555
2015-01-27,118.06466604398476
2015-01-28,117.6049132245919
2015-01-29,119.00175345284528
2015-01-30,116.27604549582476
2015-02-02,116.70310271811606
2015-02-03,118.94841008412959
2015-02-04,119.67845307281873
2015-02-05,119.8574273106801
2015-02-06,119.65158876545856
2015-02-09,116.8064733379811
2015-02-10,119.62404604819183
2015-02-11,119.01687873810755
2015-02-12,122.24740894871775
2015-02-13,122.81828576935034
2015-02-16,121.83260923472771
2015-02-17,121.66831789338153
2015-02-18,122.35175376352626
2015-02-19,123.58909932799078
2015-02-20,123.89472468287427
2015-02-23,125.9527700285044
2015-02-24,127.04832606873602
2015-02-25,127.66352742896743
2015-02-26,128.84743947364677
2015-02-27,129.2424216327812
2015-03-02,129.12330343851443
2015-03-03,126.62352221046172
2015-03-04,127.72580106948611
2015-03-05,129.27087624181004
2015-03-06,127.84381509919214
2015-03-09,127.86379618520377
2015-03-10,125.47060658807203
2015-03-11,128.17892155985754
2015-03-12,129.26878834529728
2015-03-13,129.92458188829124
2015-03-16,133.06554176114702
2015-03-17,131.26500865615634
2015-03-18,131.87865633751449
2015-03-19,131.9456393627822
2015-03-20,134.25555802326167
2015-03-23,133.79531640449443
2015-03-24,134.79090995459455
2015-03-25,131.88732810919137
2015-03-26,131.12530561963825
2015-03-27,131.46926903483075
2015-03-30,133.99519559016895
2015-03-31,132.42781674017064
2015-04-01,132.5381340594739
2015-04-02,133.3677699510526
2015-04-06,133.92055720348597
2015-04-07,135.81093319380363
2015-04-08,135.022379026444
2015-04-09,137.5506395914492
2015-04-10,139.2130002722488
2015-04-13,139.78591447031766
2015-04-14,138.7935913269438
2015-04-15,139.35003524214815
2015-04-16,137.58208075238028
2015-04-17,133.41346121581685
2015-04-20,135.25960589824018
2015-04-21,135.5812733111596
2015-04-22,134.41982110806694
2015-04-23,133.79369740155903
2015-04-24,135.48190468344083
2015-04-27,136.93531823232348
2015-04-28,134.4457398651527
2015-04-29,129.86085818938815
2015-04-30,129.3712730840486
2015-05-01,130.22241894942925
2015-05-04,132.00975212447756
2015-05-05,127.39422887177753
2015-05-06,127.23242537654576
2015-05-07,127.51677279308605
2015-05-08,131.97653144459844
2015-05-11,130.31125880601218
2015-05-12,128.55299550123556
2015-05-13,127.88199191515977
2015-05-14,129.95324537938106
2015-05-15,129.6671781814025
2015-05-18,131.18791941425553
2015-05-19,133.8927202622378
2015-05-20,134.08845193928806
2015-05-21,134.56911800754557
2015-05-22,133.3465073420931
2015-05-25,131.3594092591651
2015-05-26,129.55936422691622
2015-05-27,132.72465827850536
2015-05-28,132.1155648174321
2015-05-29,128.57882130800937
2015-06-01,129.42329059243323
2015-06-02,128.28764803808954
2015-06-03,128.4812846661756
2015-06-04,126.28040522185816
2015-06-05,124.31770309065976
2015-06-08,122.44405175492135
2015-06-09,121.74583612261289
2015-06-10,125.17799972705019
2015-06-11,126.43894343549516
2015-06-12,124.09664405031653
2015-06-15,121.34562218583552
2015-06-16,122.6667526529856
2015-06-17,121.4179616915109
2015-06-18,123.42362229286175
2015-06-19,123.41662178569997
2015-06-22,128.69439097787148
2015-06-23,130.29107566391377
2015-06-24,128.85460146280602
2015-06-25,129.17630997427707
2015-06-26,130.39119580462457
2015-06-29,123.78838090279386
2015-06-30,122.45102976079014
2015-07-01,125.25514922113551
2015-07-02,124.18247611432652
2015-07-03,123.19508122719074
2015-07-06,120.79320780971355
2015-07-07,119.12265465609232
2015-07-08,119.56080937130844
2015-07-09,123.60187630879294
2015-07-10,128.8934265940577
2015-07-13,132.20546205597577
2015-07-14,133.41516832214637
2015-07-15,134.66803174721656
2015-07-16,137.62321861955306
2015-07-17,137.98532626164186
2015-07-20,138.9419887378724
2015-07-21,136.85591054336052
2015-07-22,136.6750897456466
2015-07-23,135.9784432699327
2015-07-24,134.76133521344144
2015-07-27,131.29155299926035
2015-07-28,134.04812829643183
2015-07-29,135.7268171752545
2015-07-30,135.18405973256333
2015-07-31,135.65991872032322
2015-08-03,137.62178306396902
2015-08-04,136.87898988839353
2015-08-05,138.59736780260317
2015-08-06,137.08317917887396
2015-08-07,135.1167145862239
2015-08-10,137.1188777555762
2015-08-11,133.50043901023196
2015-08-12,129.18136724797975
2015-08-13,131.43590873818385
2015-08-14,131.22706251561218
2015-08-17,131.79729578629107
2015-08-18,131.7742597469992
2015-08-19,129.29305685201882
2015-08-20,124.36099722476725
2015-08-21,117.85499777429797
2015-08-24,108.48540738231375
2015-08-25,112.85941401182583
2015-08-26,114.09638261230151
2015-08-27,119.69732160324773
2015-08-28,119.27986223175058
2015-08-31,118.34605433965231
2015-09-01,113.36888442907481
2015-09-02,115.02537704701399
2015-09-03,117.64600115992636
2015-09-04,113.94194573114642
2015-09-07,114.55430377857229
2015-09-08,117.25093836503378
2015-09-09,118.2347698474965
2015-09-10,117.30091355175207
2015-09-11,116.85915321472206
2015-09-14,116.10737173552839
2015-09-15,117.9408671832922
2015-09-16,120.76240757975843
2015-09-17,120.8906119153766
2015-09-18,117.209926604962
2015-09-21,118.9260827377628
2015-09-22,113.86031002667372
2015-09-23,114.39378435370396
2015-09-24,112.15887093562984
2015-09-25,116.68897830516146
2015-09-28,113.26479925229744
2015-09-29,111.6283067109973
2015-09-30,115.05481973344527
2015-10-01,114.16991382067438
2015-10-02,115.48406026786682
2015-10-05,120.69620481956986
2015-10-06,120.94345238740219
2015-10-07,120.5061537350682
2015-10-08,120.86840428398627
2015-10-09,122.16075169019018
2015-10-12,122.02118315790301
2015-10-13,121.05007363015983
2015-10-14,119.4326000067956
2015-10-15,122.35532771023328
2015-10-16,123.72846402315501
2015-10-19,124.5671780448446
2015-10-20,123.87787514645099
2015-10-21,123.96292470452225
2015-10-22,128.19768820915226
2015-10-23,132.6568265575671
2015-10-26,132.85359294942887
2015-10-27,131.96938402636093
2015-10-28,133.7611851758668
2015-10-29,134.20451699204307
2015-10-30,133.67473838593236
2015-11-02,135.24703174961712
2015-11-03,135.08349051728155
2015-11-04,134.12270543842556
2015-11-05,134.80896930220507
2015-11-06,135.47933209319035
2015-11-09,132.225848490795
2015-11-10,133.02631629583294
2015-11-11,133.67199052687783
2015-11-12,130.3673219813594
2015-11-13,128.0352146059334
2015-11-16,129.59438347600945
2015-11-17,133.48463188817416
2015-11-18,132.99071674143872
2015-11-19,132.68272293858453
2015-11-20,133.24381706763864
2015-11-23,132.5844400670027
2015-11-24,130.6856717714868
2015-11-25,133.020157575782
2015-11-26,134.46884194297365
2015-11-27,134.39382897818567
2015-11-30,134.6778371379418
2015-12-01,134.4308347518954
2015-12-02,133.74364665053795
2015-12-03,128.07192954479603
2015-12-04,129.1815403832832
2015-12-07,130.24318143383155
2015-12-08,127.52918450933797
2015-12-09,125.55484548634523
2015-12-10,125.08902038216135
2015-12-11,121.52962186879657
2015-12-14,120.26896321208612
2015-12-15,124.52137523146929
2015-12-16,125.70192844641429
2015-12-17,127.39373700593349
2015-12-18,123.7274007044902
2015-12-21,121.23626040940204
2015-12-22,121.58649207613995
2015-12-23,125.34823263788199
2015-12-24,125.09020102866472
2015-12-25,125.09020102866472
2015-12-28,124.31801011468374
2015-12-29,127.64123765882734
2015-12-30,126.55524998590168
2015-12-31,125.29082007244973
2016-01-04,119.86273401904877
2016-01-05,120.94823212204629
2016-01-06,118.83034422919363
2016-01-07,115.70975228890359
2016-01-08,113.81884248460517
2016-01-11,113.35073983624886
2016-01-12,114.98782351003244
2016-01-13,113.39769913477349
2016-01-14,111.65092770173707
2016-01-15,107.69047183583858
2016-01-18,107.26565332179273
2016-01-19,109.80206174120427
2016-01-20,104.78767012124322
2016-01-21,106.92115921524807
2016-01-22,111.84459611238964
2016-01-25,111.00038701076453
2016-01-26,112.69376294081982
2016-01-27,113.07651717683049
2016-01-28,111.14311799278796
2016-01-29,115.40263296632492
2016-02-01,115.41048930734097
2016-02-02,112.26749863114786
2016-02-03,109.73989171373208
2016-02-04,109.14072405079824
2016-02-05,107.17160594101574
2016-02-08,102.09921824943643
2016-02-09,100.81426539038497
2016-02-10,102.79016467040681
2016-02-11,98.55977746108664
2016-02-12,101.41419894165126
2016-02-15,104.87163245681727
2016-02-16,105.51843732754058
2016-02-17,108.93435341527407
2016-02-18,109.32897250229576
2016-02-19,108.8071421510495
2016-02-22,111.47395578070825
2016-02-23,109.9607079706805
2016-02-24,107.73755199609244
2016-02-25,111.30208576930144
2016-02-26,112.22509301346228
2016-02-29,112.58492004396327
2016-03-01,115.95832811017893
2016-03-02,116.14138970665935
2016-03-03,115.3577486000852
2016-03-04,115.88853492081263
2016-03-07,115.54921173602695
2016-03-08,114.98055858668522
2016-03-09,115.64846294742713
2016-03-10,113.6814963852914
2016-03-11,117.80610909430163
2016-03-14,118.5751055789988
2016-03-15,117.97448221951404
2016-03-16,118.30876275228599
2016-03-17,117.92413987410438
2016-03-18,119.12580265107621
2016-03-21,119.56580737703165
2016-03-22,119.56580588648586
2016-03-23,119.58781190146884
2016-03-24,117.52341632536536
2016-03-28,117.57754047382718
2016-03-29,119.005395896522
2016-03-30,121.40733711829989
2016-03-31,119.37821589145862
2016-04-01,118.43193692421865
2016-04-04,119.00221154437386
2016-04-05,115.56971914644241
2016-04-06,116.9517699135262
2016-04-07,114.9370911365148
2016-04-08,116.39356968227204
2016-04-11,116.71326133242243
2016-04-12,117.86531652998336
2016-04-13,120.88908294436256
2016-04-14,122.17742046731217
2016-04-15,121.70127628549452
2016-04-18,122.85314990083914
2016-04-19,124.5966022666712
2016-04-20,126.08637451642969
2016-04-21,125.0111443395279
2016-04-22,124.44744914472057
2016-04-25,124.6719120952611
2016-04-26,124.36423555913588
2016-04-27,124.74682103689706
2016-04-28,123.75581963585776
2016-04-29,119.87399456490004
2016-05-02,121.07620833695738
2016-05-03,119.00824162472539
2016-05-04,117.34557254170481
2016-05-05,117.84383484923504
2016-05-06,117.59293915375609
2016-05-09,119.28063148437715
2016-05-10,120.55913095388391
2016-05-11,118.49258759096207
2016-05-12,118.05912181872712
2016-05-13,118.24923084659692
2016-05-16,118.02468149464984
2016-05-17,117.07432471904197
2016-05-18,117.84468620175164
2016-05-19,116.486170839592
2016-05-20,118.5746802519862
2016-05-23,117.53833193375819
2016-05-24,121.0178273655048
2016-05-25,123.1899117619542
2016-05-26,123.5710771646574
2016-05-27,124.25599619566609
2016-05-30,124.75090539304519
2016-05-31,124.1007842079412
2016-06-01,122.97835401022215
2016-06-02,123.2802117253155
2016-06-03,121.40994123056898
2016-06-06,121.50074228337054
2016-06-07,123.10993970160565
2016-06-08,122.48980397563814
2016-06-09,121.1940065468036
2016-06-10,117.48302188022294
2016-06-13,114.97694890557234
2016-06-14,112.32642054684938
2016-06-15,113.3566511796964
2016-06-16,112.72766229682348
2016-06-17,113.60811191966197
2016-06-20,118.21823030807117
2016-06-21,119.04528120194641
2016-06-22,119.22334252151508
2016-06-23,121.75830351996566
2016-06-24,108.47046587630271
2016-06-27,105.37517098198373
2016-06-28,109.24800792971122
2016-06-29,113.85180861546779
2016-06-30,115.9844833613879
2016-07-01,117.43820971070102
2016-07-04,116.65842213995424
2016-07-05,114.50038056439067
2016-07-06,112.55961354572375
2016-07-07,113.57804469544828
2016-07-08,115.8930873960033
2016-07-11,118.17973081990327
2016-07-12,119.65371461687421
2016-07-13,119.90049513541996
2016-07-14,121.49582697639555
2016-07-15,121.08963448233737
2016-07-18,120.99513098831726
2016-07-19,120.01259589104414
2016-07-20,121.2521952125673
2016-07-21,120.90639594588629
2016-07-22,121.42888380237862
2016-07-25,122.16363565450757
2016-07-26,121.61773100928781
2016-07-27,122.74651649031456
2016-07-28,121.60426398056444
2016-07-29,121.98613582032016
2016-08-01,121.72290668652168
2016-08-02,119.18848689954731
2016-08-03,118.83912471453581
2016-08-04,119.22966290657946
2016-08-05,121.71445835668173
2016-08-08,121.27204368783686
2016-08-09,123.43694729174383
2016-08-10,122.86193300822667
2016-08-11,124.56139904884185
2016-08-12,124.51773157805916
2016-08-15,124.40040163426475
2016-08-16,122.43657633855025
2016-08-17,120.80874099784911
2016-08-18,121.89280372035965
2016-08-19,120.59400148171517
2016-08-22,120.56022006156527
2016-08-23,121.49088196730524
2016-08-24,121.99910440658432
2016-08-25,120.88194516234758
2016-08-26,121.39408652218916
2016-08-29,121.11449030840457
2016-08-30,121.74822137992683
2016-08-31,120.81121479955964
2016-09-01,121.05020861477433
2016-09-02,124.0243579250071
2016-09-05,124.38627811112858
2016-09-06,124.57520672113755
2016-09-07,125.15319623886504
2016-09-08,124.93291264592638
2016-09-09,122.07743577264993
2016-09-12,121.27450399333912
2016-09-13,119.74240814200165
2016-09-14,119.57959946277435
2016-09-15,120.25161356607121
2016-09-16,118.93314679114629
2016-09-19,120.18417583346414
2016-09-20,120.03063776943054
2016-09-21,120.20504906939408
2016-09-22,123.57813169334099
2016-09-23,122.479745492612
2016-09-26,119.85978413109939
2016-09-27,120.30362640403597
2016-09-28,121.19299441025794
2016-09-29,120.03935820881163
2016-09-30,120.89538473814216
2016-10-03,120.33869891622896
2016-10-04,120.91678419085459
2016-10-05,119.79333105078476
2016-10-06,119.06685706627661
2016-10-07,117.15664551374633
2016-10-10,118.54906334085082
2016-10-11,118.14885546541764
2016-10-12,117.54140251327442
2016-10-13,116.87619637030788
2016-10-14,119.04191031447878
2016-10-17,117.89276438198895
2016-10-18,120.2827794831205
2016-10-19,120.46822914136382
2016-10-20,120.68039987004978
2016-10-21,120.61517878700447
2016-10-24,121.50829578746887
2016-10-25,120.78982134821715
2016-10-26,120.66772890693956
2016-10-27,120.33227045367438
2016-10-28,120.5413500478892
2016-10-31,119.2433921474914
2016-11-01,117.7800802906341
2016-11-02,116.05183008653688
2016-11-03,115.40568609678802
2016-11-04,114.16921593424074
2016-11-07,116.89490306840388
2016-11-08,117.49388651733965
2016-11-09,119.23935414829566
2016-11-10,117.80824172877595
2016-11-11,117.46124353119741
2016-11-14,117.14036722507976
2016-11-15,118.01579683159348
2016-11-16,117.06652185039634
2016-11-17,118.07000389541852
2016-11-18,117.04131871043262
2016-11-21,117.50718671330688
2016-11-22,118.35962474120942
2016-11-23,118.07082516719008
2016-11-24,118.55023856974157
2016-11-25,119.81062801589499
2016-11-28,119.27598630708545
2016-11-29,120.6738641209305
2016-11-30,120.30942311103315
2016-12-01,118.88688090122228
2016-12-02,118.44904976362818
2016-12-05,118.81234283407224
2016-12-06,120.64030188289102
2016-12-07,122.23190922547238
2016-12-08,123.86539055554739
2016-12-09,126.26868852372229
2016-12-12,126.58174847494264
2016-12-13,129.6395825710202
2016-12-14,128.49467859108188
2016-12-15,129.57486561315278
2016-12-16,130.49042287558055
2016-12-19,131.0294540360901
2016-12-20,131.9357364269108
2016-12-21,131.27192578887136
2016-12-22,130.9051933517254
2016-12-23,131.31709560187483
2016-12-27,131.81440283456013
2016-12-28,131.23346998094206
2016-12-29,131.17576403454277
2016-12-30,131.35702258568108
2017-01-02,132.63299498156826
2017-01-03,132.41564747806285
2017-01-04,132.67872453350125
2017-01-05,133.01516013713288
2017-01-06,132.9578628103826
2017-01-09,132.52110615547306
2017-01-10,131.9231249528382
2017-01-11,132.6371045799649
2017-01-12,131.71012493697825
2017-01-13,133.08637091502223
2017-01-16,131.8656679549719
2017-01-17,131.70680043001295
2017-01-18,130.90482937409223
2017-01-19,130.08877511371503
2017-01-20,130.24065627405602
2017-01-23,129.44406998078264
2017-01-24,128.87052037506024
2017-01-25,130.2300906200006
2017-01-26,130.6358201375405
2017-01-27,130.20717962758067
2017-01-30,128.56116322359375
2017-01-31,127.68020453640068
2017-02-01,128.3844124920211
2017-02-02,129.21265582340797
2017-02-03,130.3522893809888
2017-02-06,129.05030381837096
2017-02-07,129.3619964135627
2017-02-08,130.65742255991586
2017-02-09,133.49311699634873
2017-02-10,133.38000647982906
2017-02-13,134.84717825759088
2017-02-14,135.1087207105807
2017-02-15,136.24183237862604
2017-02-16,136.16862745081858
2017-02-17,136.02609302719043
2017-02-20,136.2595189260315
2017-02-21,137.25572787762158
2017-02-22,137.48093532406708
2017-02-23,137.8236296688522
2017-02-24,137.23348250247736
2017-02-27,136.99985126609687
2017-02-28,137.5771984903811
2017-03-01,140.7118607666791
2017-03-02,140.92790419566566
2017-03-03,140.90550405969654
2017-03-06,140.68145455985726
2017-03-07,139.67525249931592
2017-03-08,139.6283421097566
2017-03-09,140.14239571517103
2017-03-10,139.93863565377413
2017-03-13,139.95710043575588
2017-03-14,139.39378950926405
2017-03-15,140.0194070360367
2017-03-16,141.6787456236223
2017-03-17,142.5841959380725
2017-03-20,142.20468694907612
2017-03-21,141.06745964918863
2017-03-22,140.74697189842763
2017-03-23,142.16927580356756
2017-03-24,141.8715492672256
2017-03-27,142.0146912656691
2017-03-28,143.01971887548746
2017-03-29,143.34744481110212
2017-03-30,144.08279532860595
2017-03-31,144.86217017884545
2017-04-03,144.22390489862403
2017-04-04,144.1706018574813
2017-04-05,144.10076702751846
2017-04-06,144.80527434782118
2017-04-07,145.082634643157
2017-04-10,144.716266660009
2017-04-11,144.73545186543777
2017-04-12,145.2427100968575
2017-04-13,144.67637195651548
2017-04-17,145.15666516252935
2017-04-18,143.08076325224138
2017-04-19,142.9245612385774
2017-04-20,142.89700649580013
2017-04-21,141.8677354801235
2017-04-24,147.94573656993745
2017-04-25,148.46722234132127
2017-04-26,148.5184106910174
2017-04-27,149.09593979205766
2017-04-28,149.30684435015294
2017-05-01,149.3484369196476
2017-05-02,150.5711857342621
2017-05-03,151.15343313867305
2017-05-04,154.38609853510644
2017-05-05,155.73942296162883
2017-05-08,155.5911774155339
2017-05-09,155.71741058071134
2017-05-10,155.25373064580117
2017-05-11,153.1613054835365
2017-05-12,154.55406367681795
2017-05-15,154.11933522078192
2017-05-16,153.82428414318156
2017-05-17,150.03175492736523
2017-05-18,149.41351015296397
2017-05-19,151.22119084200685
2017-05-22,151.5978338930814
2017-05-23,152.6139803832775
2017-05-24,152.31163231839102
2017-05-25,153.25698871820265
2017-05-26,153.09466060982768
2017-05-29,152.7005096240154
2017-05-30,152.62716831109955
2017-05-31,153.21134218754835
2017-06-01,154.333261262156
2017-06-02,155.35074576300957
2017-06-05,154.4789161330342
2017-06-06,153.5500793271316
2017-06-07,153.44857569116186
2017-06-08,152.74526727213936
2017-06-09,153.61278887711376
2017-06-12,152.08714082241858
2017-06-13,153.2999810262301
2017-06-14,153.7265329239479
2017-06-15,152.2473134978506
2017-06-16,153.12454558245634
2017-06-19,155.28862907197623
2017-06-20,154.4911929844507
2017-06-21,154.83905949480874
2017-06-22,154.50431236928728
2017-06-23,153.35566518014602
2017-06-26,154.98823885537038
2017-06-27,151.8155104927315
2017-06-28,151.56570795558645
2017-06-29,146.92316369273246
2017-06-30,146.50728294965108
2017-07-03,148.072078049463
2017-07-04,147.1780476635082
2017-07-05,146.22877698341918
2017-07-06,143.65862647799545
2017-07-07,144.38329722756325
2017-07-10,144.73286292072015
2017-07-11,143.44027553786952
2017-07-12,146.82850195270518
2017-07-13,147.70408605770345
2017-07-14,148.07189917963717
2017-07-17,148.1007697649645
2017-07-18,146.11048438045822
2017-07-19,147.23187611533672
2017-07-20,146.37978938806538
2017-07-21,143.49947862887512
2017-07-24,142.61062280755948
2017-07-25,143.1617401571717
2017-07-26,143.03374469330032
2017-07-27,144.29034021427603
2017-07-28,142.29158449751685
2017-07-31,141.93260039517952
2017-08-01,143.62282275382069
2017-08-02,143.18352951065523
2017-08-03,143.93675277556517
2017-08-04,146.53430764217507
2017-08-07,146.4396334667756
2017-08-08,146.93711394123602
2017-08-09,145.06853068050185
2017-08-10,142.7277986400663
2017-08-11,141.4726072103453
2017-08-14,144.6029667519966
2017-08-15,144.6605033174141
2017-08-16,145.9594702791578
2017-08-17,144.36185671131312
2017-08-18,142.21263065143532
2017-08-21,142.26539007133883
2017-08-22,144.20871946338403
2017-08-23,142.94553554064188
2017-08-24,142.89499563451525
2017-08-25,143.02878805946986
2017-08-28,142.05750880849715
2017-08-29,140.2977641261072
2017-08-30,141.08214942141555
2017-08-31,142.4333982470526
2017-09-01,143.30808180416594
2017-09-04,142.4937001808939
2017-09-05,142.10507885324773
2017-09-06,142.68608962660025
2017-09-07,142.72954687767853
2017-09-08,142.5753519885003
2017-09-11,145.36123420093122
2017-09-12,145.55692348772033
2017-09-13,145.88674810431385
2017-09-14,145.3145464848873
2017-09-15,144.76150186619958
2017-09-18,144.4917082063414
2017-09-19,144.91848044343294
2017-09-20,144.44144055109797
2017-09-21,143.73540850457135
2017-09-22,143.70295064721185
2017-09-25,144.2335602305103
2017-09-26,143.76987472429514
2017-09-27,144.22270729179732
2017-09-28,143.79733893982868
2017-09-29,144.98996300691277
2017-10-02,145.05565560515362
2017-10-03,145.11650232953
2017-10-04,143.32427991682965
2017-10-05,145.58578594136435
2017-10-06,144.55982096818923
2017-10-09,145.27454122869008
2017-10-10,144.984737639728
2017-10-11,146.2618206352772
2017-10-12,145.82555788167545
2017-10-13,145.74863502833045
2017-10-16,145.9438085021894
2017-10-17,146.35867668700456
2017-10-18,148.2955115814509
2017-10-19,147.20071610195606
2017-10-20,147.38389684026833
2017-10-23,146.61634718269985
2017-10-24,145.7219602977461
2017-10-25,144.83777915872002
2017-10-26,147.55489733893344
2017-10-27,146.79465362348725
2017-10-30,147.92823918017527
2017-10-31,149.28988018477128
2017-11-01,149.4091332813269
2017-11-02,148.1498641948624
2017-11-03,148.81325784371083
2017-11-06,148.29191877215894
2017-11-07,146.46824168207706
2017-11-08,146.30054190237897
2017-11-09,144.40312806916162
2017-11-10,143.19890261821897
2017-11-13,142.13797894191728
2017-11-14,141.25165096864515
2017-11-15,140.78662403857598
2017-11-16,143.787622022872
2017-11-17,142.82264609420892
2017-11-20,143.92955368766454
2017-11-21,145.05384726177073
2017-11-22,144.59099788101173
2017-11-23,145.2543801277005
2017-11-24,144.63802720720963
2017-11-27,144.48652167918735
2017-11-28,146.76672197727007
2017-11-29,148.61100053635803
2017-11-30,148.70063732755472
2017-12-01,147.0719679469929
2017-12-04,149.70308444806795
2017-12-05,149.26923923228148
2017-12-06,148.41097858228898
2017-12-07,149.19607681406168
2017-12-08,150.0032490465002
2017-12-11,149.95907125712853
2017-12-12,150.9039413952311
2017-12-13,149.83762980690133
2017-12-14,148.21354045400253
2017-12-15,149.24798032078985
2017-12-18,151.72027588410063
2017-12-19,149.96144762975692
2017-12-20,148.87097732424317
2017-12-21,150.38004432909403
2017-12-22,149.18773256898874
2017-12-26,149.22951315099857
2017-12-27,149.08612009681048
2017-12-28,147.63285177894412
2017-12-29,146.46944974933874
2018-01-02,146.7575971846077
2018-01-03,147.82689455426902
2018-01-04,150.96128747955777
2018-01-05,153.5253004748858
2018-01-08,152.81390190508176
2018-01-09,152.84996250597786
2018-01-10,151.20253842480344
2018-01-11,150.57758555375125
2018-01-12,151.829676922917
2018-01-15,151.73319605994686
2018-01-16,153.132737884589
2018-01-17,152.9914776933278
2018-01-18,151.99098526181174
2018-01-19,153.85831424121426
2018-01-22,154.32678982390223
2018-01-23,156.08296057571863
2018-01-24,155.1739252471983
2018-01-25,153.95400381148676
2018-01-26,155.72077078164696
2018-01-29,154.78951520635044
2018-01-30,150.9726870869848
2018-01-31,151.01282763424533
2018-02-01,149.7032608127091
2018-02-02,145.18053457462594
2018-02-05,139.07819965359104
2018-02-06,136.5491727505043
2018-02-07,138.72140186368028
2018-02-08,132.4325171584679
2018-02-09,131.11287031229264
2018-02-12,134.05972599641865
2018-02-13,132.95715059527234
2018-02-14,134.82658063615256
2018-02-15,136.03009230332447
2018-02-16,138.47089235215995
2018-02-19,137.58255257125282
2018-02-20,136.95458406433715
2018-02-21,135.594032130636
2018-02-22,136.62955781683095
2018-02-23,138.61616357870446
2018-02-26,141.02705051271442
2018-02-27,139.3452431822238
2018-02-28,137.52867746314902
2018-03-01,135.533545951317
2018-03-02,132.47125532276635
2018-03-05,134.42473159348015
2018-03-06,134.07716220148853
2018-03-07,134.79582629297747
2018-03-08,137.17784773842578
2018-03-09,138.79006517422954
2018-03-12,139.63311451781428
2018-03-13,137.83837509482575
2018-03-14,137.66574673092407
2018-03-15,138.62010159358138
2018-03-16,138.86708655866968
2018-03-19,136.0974320268492
2018-03-20,136.12754889005825
2018-03-21,135.1274222090782
2018-03-22,131.93398242895432
2018-03-23,128.73374106276228
2018-03-26,129.5350299856662
2018-03-27,130.75996921838694
2018-03-28,133.14639451665357
2018-03-29,134.66904186438782
2018-04-02,133.3595665047314
2018-04-03,132.92482027654944
2018-04-04,134.01502162344732
2018-04-05,137.76900208314265
2018-04-06,136.12622721408943
2018-04-09,137.11831208860252
2018-04-10,139.08832953746577
2018-04-11,137.77056938435564
2018-04-12,138.72608798192195
2018-04-13,139.16815974246055
2018-04-16,139.5324658906937
2018-04-17,141.96246078007647
2018-04-18,141.99463754649094
2018-04-19,141.04013646556783
2018-04-20,140.88849299881971
2018-04-23,141.6837101370698
2018-04-24,141.26873473110388
2018-04-25,140.54050388246372
2018-04-26,142.4750071193296
2018-04-27,143.60986317628868
2018-04-30,144.17207267413687
2018-05-01,143.6281458513673
2018-05-02,144.10816999375035
2018-05-03,143.6963116415028
2018-05-04,145.6126589030992
2018-05-07,145.760114552651
2018-05-08,145.6937165424809
2018-05-09,145.32089617835948
2018-05-10,145.81966178387145
2018-05-11,145.76174524143045
2018-05-14,146.09199404519288
2018-05-15,145.1958951499484
2018-05-16,145.94548511267425
2018-05-17,146.8109586035339
2018-05-18,145.51721196626642
2018-05-21,146.12674814481275
2018-05-22,146.4895536643905
2018-05-23,145.06161602208954
2018-05-24,144.13255783301616
2018-05-25,143.1355579975208
2018-05-28,142.53341456065195
2018-05-29,139.4509113038651
2018-05-30,141.661844988763
2018-05-31,139.6204478691342
2018-06-01,142.2116941511451
2018-06-04,144.73623408933247
2018-06-05,144.0812737649615
2018-06-06,144.92465468272943
2018-06-07,145.73583653090108
2018-06-08,145.51991531044135
2018-06-11,146.81744158677637
2018-06-12,146.4552243756734
2018-06-13,146.3023764978866
2018-06-14,148.7808243302465
2018-06-15,148.73416429772342
2018-06-18,146.7829109163292
2018-06-19,145.82220858746672
2018-06-20,146.55975463057814
2018-06-21,144.98425168353958
2018-06-22,146.57713389823843
2018-06-25,143.34714377001833
2018-06-26,143.52136168841525
2018-06-27,144.24937985137703
2018-06-28,141.92703361406498
2018-06-29,143.11978832777547
2018-07-02,142.29324781849587
2018-07-03,143.62674804688663
2018-07-04,144.45109346246073
2018-07-05,145.64810512947042
2018-07-06,146.9392231412362
2018-07-09,146.73316969434765
2018-07-10,147.415189956006
2018-07-11,145.38976262505724
2018-07-12,147.06006631726146
2018-07-13,147.26583687604298
2018-07-16,147.6608193381552
2018-07-17,147.77388266949055
2018-07-18,147.7018234568214
2018-07-19,146.95818491113062
2018-07-20,147.04231730275933
2018-07-23,146.07434481920458
2018-07-24,146.64457646669916
2018-07-25,147.25776339294148
2018-07-26,148.9563738026353
2018-07-27,150.82438747243495
2018-07-30,150.62350712732436
2018-07-31,150.44155430578965
2018-08-01,149.66595996196145
2018-08-02,148.9688838587525
2018-08-03,150.69974352499395
2018-08-06,151.21914371740868
2018-08-07,152.60663474909651
2018-08-08,152.5072600134582
2018-08-09,152.09769844192616
2018-08-10,149.82701730120766
2018-08-13,148.5987355231617
2018-08-14,149.2333134623593
2018-08-15,147.53387606959058
2018-08-16,149.38410591355455
2018-08-17,149.87653928002422
2018-08-20,151.23904765506862
2018-08-21,152.40262919289447
2018-08-22,152.88401604271854
2018-08-23,152.7205132244505
2018-08-24,152.88028578036236
2018-08-27,154.43908119937552
2018-08-28,154.84399554881767
2018-08-29,155.59646463006501
2018-08-30,154.42064029217815
2018-08-31,152.75677095799938
2018-09-03,152.43382692003917
2018-09-04,150.1925236542108
2018-09-05,148.74686285708822
2018-09-06,148.0120469083974
2018-09-07,147.8665646569825
2018-09-10,149.31972026683295
2018-09-11,149.48201824441173
2018-09-12,149.70760621734854
2018-09-13,149.66563197579953
2018-09-14,149.9878771030737
2018-09-17,149.8029825782218
2018-09-18,150.2683570398626
2018-09-19,150.26056472108922
2018-09-20,152.35389339997582
2018-09-21,153.75806609684727
2018-09-24,151.82890457221148
2018-09-25,151.35369524527522
2018-09-26,152.53277417856276
2018-09-27,153.41524528731728
2018-09-28,151.4025956752624
2018-10-01,152.6517261323174
2018-10-02,151.58628283463364
2018-10-03,152.24357536043038
2018-10-04,149.47696613932936
2018-10-05,148.49013657889535
2018-10-08,147.91116163047684
2018-10-09,148.7613404628809
2018-10-10,144.44827884656002
2018-10-11,139.7523589964502
2018-10-12,138.97987602021237
2018-10-15,139.3467300029022
2018-10-16,144.22593904413247
2018-10-17,142.53187056469756
2018-10-18,142.22343537262756
2018-10-19,143.13179468108422
2018-10-22,141.6974489240045
2018-10-23,140.23993091459454
2018-10-24,138.6877099897409
2018-10-25,140.00133848605472
2018-10-26,138.13463578942893
2018-10-29,139.67715238759055
2018-10-30,140.28792058803808
2018-10-31,142.61039495523082
2018-11-01,143.42849561801793
2018-11-02,143.60239439108483
2018-11-05,144.41786857826762
2018-11-06,144.86150299087038
2018-11-07,148.14657211329643
2018-11-08,147.43779123231482
2018-11-09,147.76864348100776
2018-11-12,145.0646970669048
2018-11-13,145.56025693267068
2018-11-14,144.23882309963705
2018-11-15,143.8902985253126
2018-11-16,144.97509591714012
2018-11-19,143.8766366042329
2018-11-20,140.30485490361113
2018-11-21,141.7437424532956
2018-11-22,141.08195149408218
2018-11-23,141.62234935076356
2018-11-26,144.14258949724004
2018-11-27,144.845649443968
2018-11-28,145.62044390217665
2018-11-29,146.0869203508991
2018-11-30,145.76159549670626
2018-12-03,147.18984463888535
2018-12-04,144.6756033108579
2018-12-05,143.49996823749427
2018-12-06,138.92435498394698
2018-12-07,137.44853486202396
2018-12-10,135.0130075793288
2018-12-11,137.33793136893405
2018-12-12,140.4154088359695
2018-12-13,140.94719582432515
2018-12-14,138.99543670639892
2018-12-17,136.17631888489808
2018-12-18,134.23693669019315
2018-12-19,134.8509695730706
2018-12-20,130.71891714123254
2018-12-21,130.2198284489374
2018-12-24,127.00546579568157
2018-12-26,129.87532123283657
2018-12-27,128.12967575165567
2018-12-28,129.70362859554638
2018-12-31,131.89001043139578
2019-01-02,131.4427206676737
2019-01-03,128.8027746197057
2019-01-04,133.84614381411706
2019-01-07,133.90852182028658
2019-01-08,135.5865852400377
2019-01-09,135.70526075536867
2019-01-10,135.62129252049345
2019-01-11,135.91954381158283
2019-01-14,134.6419057468099
2019-01-15,135.93433508381642
2019-01-16,136.77522635272976
2019-01-17,136.90142800383802
2019-01-18,140.44484888473042
2019-01-21,140.06343513851525
2019-01-22,139.4727388711453
2019-01-23,141.18092284776023
2019-01-24,141.35695632598063
2019-01-25,142.35241263818494
2019-01-28,141.1851381641803
2019-01-29,142.33657686367326
2019-01-30,143.003595900862
2019-01-31,144.30722424365837
2019-02-01,144.350573649576
2019-02-04,144.8018539747193
2019-02-05,146.93509567318392
2019-02-06,146.0605352267821
2019-02-07,142.8575063615571
2019-02-08,141.55733724816884
2019-02-11,142.15952945926438
2019-02-12,144.0153344585157
2019-02-13,144.7030310059964
2019-02-14,144.51500748692854
2019-02-15,148.1515479800597
2019-02-18,148.6779516841982
2019-02-19,148.97667581008858
2019-02-20,149.60860902618867
2019-02-21,150.0086577689195
2019-02-22,150.49453220391473
2019-02-25,150.2307147907002
2019-02-26,150.5091896319407
2019-02-27,148.7767765357786
2019-02-28,149.48095301011108
2019-03-01,150.86567637267035
2019-03-04,150.39764066674346
2019-03-05,150.81508105908745
2019-03-06,150.32102306269158
2019-03-07,150.43374395221062
2019-03-08,149.1015400863529
2019-03-11,151.05491207256247
2019-03-12,151.51944965197268
2019-03-13,152.74045858791533
2019-03-14,154.02140636940013
2019-03-15,156.25985134824668
2019-03-18,157.10328399805744
2019-03-19,158.54782001095242
2019-03-20,156.68506859011424
2019-03-21,157.0155184851393
2019-03-22,153.1210351019038
2019-03-25,152.44935911597238
2019-03-26,154.07299862381294
2019-03-27,154.4313374547958
2019-03-28,154.48072346815331
2019-03-29,155.86118704580548
2019-04-01,156.9334574461883
2019-04-02,156.500544999775
2019-04-03,158.99051472068783
2019-04-04,159.19812552195293
2019-04-05,159.36960129603534
2019-04-08,159.2310811989927
2019-04-09,158.03435799327843
2019-04-10,158.72181031624808
2019-04-11,158.92743084821993
2019-04-12,159.15872900903915
2019-04-15,159.76653573419057
2019-04-16,159.01415143040657
2019-04-17,158.01171285402907
2019-04-18,159.14210500911267
2019-04-22,159.05951421069818
2019-04-23,159.63248722414556
2019-04-24,159.4285294224193
2019-04-25,159.4913011106107
2019-04-26,161.09216311875943
2019-04-29,161.9729649682792
2019-04-30,162.6353126945959
2019-05-01,161.94241047936848
2019-05-02,160.50895645653705
2019-05-03,161.00103326284594
2019-05-06,159.1667946738218
2019-05-07,156.04067462833004
2019-05-08,155.76227311419137
2019-05-09,153.31627679666073
2019-05-10,154.40955887484245
2019-05-13,151.56552142546988
2019-05-14,153.13888322858978
2019-05-15,154.53104167886187
2019-05-16,157.12638900704346
2019-05-17,156.8966174863112
2019-05-20,155.3527204804458
2019-05-21,155.83002559631288
2019-05-22,156.11819687883053
2019-05-23,152.62314541210756
2019-05-24,154.0916181763814
2019-05-27,154.99615624514718
2019-05-28,153.3490120723112
2019-05-29,150.0482061035842
2019-05-30,150.87195480073242
2019-05-31,147.87323872131114
2019-06-03,149.4545037267437
2019-06-04,151.9436881480462
2019-06-05,153.6416603509107
2019-06-06,154.64333805252414
2019-06-07,158.03487798795297
2019-06-10,157.63050713840656
2019-06-11,158.60317829004225
2019-06-12,158.34809133745043
2019-06-13,160.01239677167425
2019-06-14,159.46319888934417
2019-06-17,158.8360239357075
2019-06-18,162.7351386750395
2019-06-19,162.68505435910328
2019-06-20,163.93288954563715
2019-06-21,163.71034925797224
2019-06-24,162.29477698217102
2019-06-25,161.44646811786845
2019-06-26,159.36607152976975
2019-06-27,159.8394026033986
2019-06-28,161.2143567753164
2019-07-01,162.87273665588623
2019-07-02,164.65352408947223
2019-07-03,168.09111495915968
2019-07-04,167.3440698564912
2019-07-05,165.2315131274887
2019-07-08,164.2216118885198
2019-07-09,163.12925908780727
2019-07-10,162.84404586051807
2019-07-11,162.95611299183423
2019-07-12,163.24413513993218
2019-07-15,163.9437189741702
2019-07-16,164.88048920630584
2019-07-17,163.42387037062224
2019-07-18,162.6199321763559
2019-07-19,161.50946916144525
2019-07-22,162.6470628000396
2019-07-23,163.84160935164564
2019-07-24,164.67514656378006
2019-07-25,164.1536501780176
2019-07-26,165.257964033989
2019-07-29,165.84533173640787
2019-07-30,161.66333753560534
2019-07-31,161.5242408228211
2019-08-01,162.18788097323298
2019-08-02,158.02618308812654
2019-08-05,152.21829857442776
2019-08-06,152.39609190157447
2019-08-07,153.86671773758897
2019-08-08,157.94413691050735
2019-08-09,155.38218589630625
2019-08-12,153.69458831571845
2019-08-13,156.03740389271846
2019-08-14,151.0135765725354
2019-08-15,150.07122021215127
2019-08-16,154.19949676912051
2019-08-19,157.48861257656728
2019-08-20,155.46499205781674
2019-08-21,158.46286480916086
2019-08-22,157.425186576742
2019-08-23,154.13641064229196
2019-08-26,155.6613758720438
2019-08-27,156.83610749367176
2019-08-28,157.41474957184838
2019-08-29,160.20609424012991
2019-08-30,160.70739809646153
2019-09-02,161.43981721867843
2019-09-03,160.88111086000094
2019-09-04,162.75943520208958
2019-09-05,164.42856310485695
2019-09-06,164.61092871771254
2019-09-09,164.0271455203366
2019-09-10,164.17802050209028
2019-09-11,165.53172768565656
2019-09-12,166.94511392503355
2019-09-13,166.5343033982607
2019-09-16,164.27597463313307
2019-09-17,164.79503000668893
2019-09-18,165.89690010139
2019-09-19,166.6174428530302
2019-09-20,167.58326149817532
2019-09-23,166.23836009989887
2019-09-24,166.4207149041354
2019-09-25,165.42008137645058
2019-09-26,166.2277612497897
2019-09-27,166.74162955831193
2019-09-30,168.7340859247754
2019-10-01,164.8295031132051
2019-10-02,158.2848287253816
2019-10-03,158.53074819278714
2019-10-04,161.46964071839437
2019-10-07,162.69745230990424
2019-10-08,159.38553762400934
2019-10-09,161.0225707076373
2019-10-10,161.6366211078152
2019-10-11,164.58256535782402
2019-10-14,164.4943276281122
2019-10-15,166.68900276403755
2019-10-16,166.39049549368846
2019-10-17,166.36284737055635
2019-10-18,166.27431075758162
2019-10-21,167.42842426280743
2019-10-22,167.04915155996594
2019-10-23,167.4342599728925
2019-10-24,167.5206734505012
2019-10-25,166.7902916867741
2019-10-28,167.28951258816912
2019-10-29,167.1083159313569
2019-10-30,168.54577329521496
2019-10-31,169.00961936166863
2019-11-01,170.13906259010207
2019-11-04,171.2854456946222
2019-11-05,171.24150484607625
2019-11-06,172.33900640844772
2019-11-07,172.17673281865729
2019-11-08,172.79672177962826
2019-11-11,172.3584948242299
2019-11-12,173.21402678199146
2019-11-13,173.19271881377762
2019-11-14,171.9443586462645
2019-11-15,173.82868001616862
2019-11-18,174.8846532067929
2019-11-19,174.3225685483162
2019-11-20,172.81563611088228
2019-11-21,172.13706531260917
2019-11-22,173.4307726766153
2019-11-25,175.35164093741068
2019-11-26,175.59858361669706
2019-11-27,176.80490271842473
2019-11-28,176.85690398788657
2019-11-29,176.5136288475406
2019-12-02,171.5428480214921
2019-12-03,170.16447789579428
2019-12-04,173.15031375993772
2019-12-05,172.64424436546489
2019-12-06,175.84122813458663
2019-12-09,174.52282113950767
2019-12-10,175.028430466098
2019-12-11,175.4166385543841
2019-12-12,176.4695215078925
2019-12-13,178.13712946500215
2019-12-16,181.57982459004657
2019-12-17,179.84561244707777
2019-12-18,179.1186658776614
2019-12-19,179.39249702737777
2019-12-20,181.55846803537895
2019-12-23,181.82310297094756
2019-12-24,182.0142494726028
2019-12-25,182.0142494726028
2019-12-26,182.40750479322287
2019-12-27,183.2671695688415
2019-12-30,180.50536633532187
2019-12-31,180.2836377264918
