Date,Recommendation
2015-05-01,100.0
2015-05-04,99.26898121492675
2015-05-05,99.49299005728135
2015-05-06,99.28872442732937
2015-05-07,100.00180470936449
2015-05-08,99.66115684150643
2015-05-11,98.8540646454246
2015-05-12,98.38508005651512
2015-05-13,98.45943580114572
2015-05-14,98.76591505319269
2015-05-15,98.91078836836635
2015-05-18,98.98529759957005
2015-05-19,98.71354484363138
2015-05-20,99.64078302926646
2015-05-21,100.29937980196694
2015-05-22,100.95945136965786
2015-05-25,102.1635980656157
2015-05-26,102.50279977562596
2015-05-27,103.81032758883288
2015-05-28,103.57656712539124
2015-05-29,104.06647770723934
2015-06-01,104.4879261487952
2015-06-02,104.20189275180645
2015-06-03,104.33578570934947
2015-06-04,104.30173694992367
2015-06-05,105.62052393873668
2015-06-08,105.30520249554371
2015-06-09,105.32686724111208
2015-06-10,105.53464766804667
2015-06-11,104.58316873348718
2015-06-12,105.02727709187882
2015-06-15,105.54525059455013
2015-06-16,105.5162112358802
2015-06-17,105.92863747592233
2015-06-18,106.89566211091574
2015-06-19,106.53832475727877
2015-06-22,104.9389473098564
2015-06-23,105.6058927061435
2015-06-24,105.89012826649574
2015-06-25,105.57885763897436
2015-06-26,104.22830350629467
2015-06-29,104.64515595830372
2015-06-30,104.83341415708645
2015-07-01,104.3888799628611
2015-07-02,104.68231401869215
2015-07-03,104.94259170748386
2015-07-06,105.00209620271403
2015-07-07,105.13755939797102
2015-07-08,103.75441077376168
2015-07-09,102.79304323274593
2015-07-10,102.29097549102
2015-07-13,102.60461585533048
2015-07-14,103.93654412894284
2015-07-15,102.25041380700212
2015-07-16,102.41687412321373
2015-07-17,104.64737283951685
2015-07-20,103.86127260597756
2015-07-21,104.4143358066082
2015-07-22,102.7087523324063
2015-07-23,103.40870247954393
2015-07-24,104.10268548894499
2015-07-27,103.06852040560285
2015-07-28,102.66827226103571
2015-07-29,103.06896840268539
2015-07-30,105.21228863382305
2015-07-31,104.40818544648639
2015-08-03,104.54341986200463
2015-08-04,104.75314996643586
2015-08-05,105.33424596215977
2015-08-06,105.77875734112482
2015-08-07,106.2597755820317
2015-08-10,106.10284217767878
2015-08-11,106.03681468958901
2015-08-12,106.72442996040125
2015-08-13,105.6209994003182
2015-08-14,105.68200897353334
2015-08-17,106.27828859412988
2015-08-18,104.99362596322597
2015-08-19,105.17252933041925
2015-08-20,102.96241413923426
2015-08-21,102.20767944947546
2015-08-24,101.9094830730029
2015-08-25,100.00024667479113
2015-08-26,103.11731960573209
2015-08-27,105.26413719984201
2015-08-28,105.0871635456418
2015-08-31,103.95166287429426
2015-09-01,102.66697528755176
2015-09-02,103.84921766944963
2015-09-03,103.85972805905932
2015-09-04,103.87919408987439
2015-09-07,104.0474865270343
2015-09-08,106.44336266464596
2015-09-09,104.8763127018116
2015-09-10,106.16776403099439
2015-09-11,105.99841375872869
2015-09-14,105.87908056910285
2015-09-15,106.45847167860596
2015-09-16,106.14606953879998
2015-09-17,105.57114306612915
2015-09-18,105.36841375187524
2015-09-21,104.19581841516575
2015-09-22,103.04771568770347
2015-09-23,103.31076135389068
2015-09-24,103.93687374938122
2015-09-25,101.3784687959677
2015-09-28,98.61755516087793
2015-09-29,98.06507294877335
2015-09-30,99.37606745438997
2015-10-01,99.4030696829419
2015-10-02,101.41260312929256
2015-10-05,100.1988642676684
2015-10-06,99.45126888654949
2015-10-07,99.18665035636354
2015-10-08,98.67450962063641
2015-10-09,98.58023134943716
2015-10-12,100.07185672473702
2015-10-13,99.32629878126377
2015-10-14,100.39171938377427
2015-10-15,101.86437418029831
2015-10-16,102.0870860526743
2015-10-19,102.182410195119
2015-10-20,101.59667978654258
2015-10-21,99.94308234632486
2015-10-22,100.26122211140924
2015-10-23,103.5047250325801
2015-10-26,103.52770915752484
2015-10-27,104.00659425477892
2015-10-28,105.36052399242534
2015-10-29,103.8915511700834
2015-10-30,105.6371586258921
2015-11-02,106.00491677156282
2015-11-03,106.93356114561202
2015-11-04,106.99623992299476
2015-11-05,106.37134465906301
2015-11-06,106.87439601361329
2015-11-09,107.03212180912719
2015-11-10,106.63119857780943
2015-11-11,106.82981878535722
2015-11-12,107.865414333008
2015-11-13,107.64080808710432
2015-11-16,108.21213826214141
2015-11-17,108.24175248873645
2015-11-18,109.89826018809615
2015-11-19,109.10283985331505
2015-11-20,109.34708827030279
2015-11-23,108.9004190984467
2015-11-24,110.3162441024551
2015-11-25,109.97641655914045
2015-11-26,109.50532583235696
2015-11-27,109.81609120129998
2015-11-30,109.8068323322747
2015-12-01,111.1142932348747
2015-12-02,110.56392998621925
2015-12-03,109.87378702155993
2015-12-04,111.22466010164209
2015-12-07,110.75235867815849
2015-12-08,112.570109780464
2015-12-09,112.32774830014945
2015-12-10,113.38144189000326
2015-12-11,112.19012821555408
2015-12-14,112.51678958580885
2015-12-15,111.71633537110628
2015-12-16,112.38274747374938
2015-12-17,111.76888737949358
2015-12-18,112.70876694437683
2015-12-21,115.99022044076051
2015-12-22,115.7557982802174
2015-12-23,115.06800703397991
2015-12-24,114.99463883456377
2015-12-25,114.99463883456377
2015-12-28,115.32213311525308
2015-12-29,115.43376143509846
2015-12-30,115.34435968389721
2015-12-31,115.74648633380588
2016-01-01,115.74648633380588
2016-01-04,115.4766150516727
2016-01-05,116.36255604506901
2016-01-06,115.47923462950705
2016-01-07,113.12712267158572
2016-01-08,112.94934789652926
2016-01-11,111.45442973218027
2016-01-12,111.36999082210473
2016-01-13,108.44527234427518
2016-01-14,110.98449745699223
2016-01-15,109.66945509511291
2016-01-18,109.75301464760804
2016-01-19,109.55394643569666
2016-01-20,111.40800444150844
2016-01-21,112.58588920494797
2016-01-22,112.05599840103012
2016-01-25,113.07422311249681
2016-01-26,112.5779260306058
2016-01-27,110.72527488044403
2016-01-28,112.05645539520447
2016-01-29,111.9781754029281
2016-02-01,111.76276896620391
2016-02-02,112.07056448640104
2016-02-03,111.92984271433677
2016-02-04,110.47162905276275
2016-02-05,105.21087531579725
2016-02-08,104.93988895551433
2016-02-09,105.60259057824207
2016-02-10,106.0024562848065
2016-02-11,107.28073090643802
2016-02-12,107.77205438605537
2016-02-15,106.49941538756055
2016-02-16,109.58153657547314
2016-02-17,110.30454120383534
2016-02-18,109.49666839138777
2016-02-19,111.17359148231026
2016-02-22,111.99381345579462
2016-02-23,110.7015168670177
2016-02-24,112.85551836844982
2016-02-25,111.853320093254
2016-02-26,111.32994326056497
2016-02-29,110.38882086645289
2016-03-01,112.41635052415461
2016-03-02,111.91868914764973
2016-03-03,110.79788071678233
2016-03-04,111.4218738719955
2016-03-07,110.58251618512924
2016-03-08,109.45114174164455
2016-03-09,110.20198508739371
2016-03-10,109.83451566752638
2016-03-11,110.14589281209882
2016-03-14,109.4639287497506
2016-03-15,109.3098980616262
2016-03-16,109.04484826747559
2016-03-17,108.80839518073654
2016-03-18,108.11214674376403
2016-03-21,107.9327388909138
2016-03-22,109.27913591296316
2016-03-23,108.74590171616286
2016-03-24,108.90032683391458
2016-03-25,108.90032683391458
2016-03-28,107.89543283514716
2016-03-29,109.93058525947606
2016-03-30,110.74312531235411
2016-03-31,111.49277470392879
2016-04-01,113.03084774056803
2016-04-04,113.348577680668
2016-04-05,113.06885117175766
2016-04-06,115.04158559051673
2016-04-07,115.82066528907504
2016-04-08,115.465543114297
2016-04-11,114.44970682345918
2016-04-12,114.80263149730244
2016-04-13,114.84410419332117
2016-04-14,114.36661181915221
2016-04-15,113.8058365080414
2016-04-18,113.92194528998105
2016-04-19,113.48810509532571
2016-04-20,112.91034643106379
2016-04-21,113.11571973820553
2016-04-22,111.29283385900519
2016-04-25,110.95980265274218
2016-04-26,109.15938422576616
2016-04-27,108.73000071872931
2016-04-28,108.32334180387105
2016-04-29,109.24512200735933
2016-05-02,109.81971109773018
2016-05-03,109.90428258209714
2016-05-04,110.06645139880094
2016-05-05,110.41847799002002
2016-05-06,110.46385623311956
2016-05-09,110.1766117423066
2016-05-10,110.93063683676783
2016-05-11,111.65897045983431
2016-05-12,111.1543111795154
2016-05-13,111.64593629463457
2016-05-16,113.65367795446942
2016-05-17,113.28625593561988
2016-05-18,113.8288087677641
2016-05-19,113.5787156530767
2016-05-20,114.96603274188082
2016-05-23,114.88391532055827
2016-05-24,115.70029694349978
2016-05-25,114.83208292131097
2016-05-26,115.16969110516551
2016-05-27,116.57067091041831
2016-05-30,116.36283741573736
2016-05-31,117.42806977414314
2016-06-01,117.78228005560293
2016-06-02,118.05638970990135
2016-06-03,118.34117378941725
2016-06-06,118.0848476981794
2016-06-07,117.17349880749875
2016-06-08,117.41987762958475
2016-06-09,117.8687158307642
2016-06-10,117.7459643085941
2016-06-13,117.78683907099997
2016-06-14,118.6645624931353
2016-06-15,118.19279326607577
2016-06-16,118.75468120598352
2016-06-17,116.1282999266454
2016-06-20,114.7170500896001
2016-06-21,115.1056295946534
2016-06-22,115.00734460253202
2016-06-23,115.56726408634447
2016-06-24,119.28752587042251
2016-06-27,117.27692103112906
2016-06-28,119.20023779958711
2016-06-29,118.29652671492573
2016-06-30,118.35898026103668
2016-07-01,117.52767410630689
2016-07-04,118.32853869541545
2016-07-05,118.85331982870684
2016-07-06,120.13126720310184
2016-07-07,120.77691835134655
2016-07-08,120.82557950581676
2016-07-11,121.4280996227654
2016-07-12,121.5200962878482
2016-07-13,121.2840291892794
2016-07-14,120.57946223783537
2016-07-15,120.9248178091942
2016-07-18,121.91407086311885
2016-07-19,121.97036632593296
2016-07-20,121.92794046723597
2016-07-21,121.03519193582983
2016-07-22,121.12773192053727
2016-07-25,121.19633441390582
2016-07-26,121.67004374674129
2016-07-27,121.52807081965884
2016-07-28,123.10244838565224
2016-07-29,122.86968919231731
2016-08-01,123.50797435486743
2016-08-02,123.96620165931402
2016-08-03,123.7770862935955
2016-08-04,123.48814213365381
2016-08-05,124.12986645292622
2016-08-08,123.97189692733882
2016-08-09,123.45482800282474
2016-08-10,122.22930461577789
2016-08-11,122.306261870371
2016-08-12,123.2207271524267
2016-08-15,124.60035631952131
2016-08-16,124.21163605499434
2016-08-17,125.02912104017136
2016-08-18,124.27344026797053
2016-08-19,125.1874941640453
2016-08-22,125.30871675553172
2016-08-23,125.2797434105181
2016-08-24,122.98799517391609
2016-08-25,123.14747817404533
2016-08-26,123.33178640885394
2016-08-29,123.63137786519457
2016-08-30,123.178621755594
2016-08-31,122.4943209231414
2016-09-01,122.92042719550295
2016-09-02,122.01540740958404
2016-09-05,121.84147668080176
2016-09-06,124.4590469268271
2016-09-07,123.74569340340794
2016-09-08,123.88609827044053
2016-09-09,121.81884443402778
2016-09-12,124.53514039014728
2016-09-13,124.18360252748018
2016-09-14,124.7792280470059
2016-09-15,126.28667820438554
2016-09-16,127.32434210136722
2016-09-19,126.90132678434077
2016-09-20,126.7815518845413
2016-09-21,127.32842761672791
2016-09-22,126.89574695095371
2016-09-23,127.0481764721167
2016-09-26,126.47584014081292
2016-09-27,127.83190150657501
2016-09-28,126.72348064881835
2016-09-29,126.24893448082997
2016-09-30,126.63450243188063
2016-10-03,126.35212811295155
2016-10-04,126.48143792936604
2016-10-05,126.95887294898414
2016-10-06,126.78101942082218
2016-10-07,127.51654415979698
2016-10-10,128.55210708193763
2016-10-11,126.86204369012154
2016-10-12,126.2993285743326
2016-10-13,125.96647240633328
2016-10-14,124.81716298766901
2016-10-17,124.60351493595844
2016-10-18,124.83232259606686
2016-10-19,123.99596596196002
2016-10-20,124.03394315059188
2016-10-21,124.09705510164845
2016-10-24,124.21671979431964
2016-10-25,124.93584472767711
2016-10-26,123.79276128575844
2016-10-27,122.7792289836258
2016-10-28,123.85562368099689
2016-10-31,123.68003259412963
2016-11-01,124.58892412195195
2016-11-02,123.94006448495198
2016-11-03,123.61073359248311
2016-11-04,123.77220502564215
2016-11-07,124.16818248159959
2016-11-08,124.52569152102943
2016-11-09,125.18850749967929
2016-11-10,123.29447732653432
2016-11-11,124.06893457315037
2016-11-14,123.76909261437632
2016-11-15,125.79364480987716
2016-11-16,127.08568088010345
2016-11-17,126.90663087927484
2016-11-18,125.87477123193077
2016-11-21,126.69986100648185
2016-11-22,126.76487689438937
2016-11-23,127.34674487744725
2016-11-24,127.23737040620352
2016-11-25,126.91760014375512
2016-11-28,126.72576735848314
2016-11-29,126.98731328673153
2016-11-30,124.8254206930931
2016-12-01,121.10204792690409
2016-12-02,121.37586106907374
2016-12-05,122.4558206242799
2016-12-06,120.62559915122266
2016-12-07,121.55966231043249
2016-12-08,120.60501094673504
2016-12-09,120.62263007428317
2016-12-12,119.40103853766941
2016-12-13,118.89180976955178
2016-12-14,119.83743706918634
2016-12-15,119.12777376261559
2016-12-16,118.22490878000733
2016-12-19,118.6664300295221
2016-12-20,118.57041283616
2016-12-21,119.27606415105124
2016-12-22,120.13964101744291
2016-12-23,120.5074339320725
2016-12-26,120.5074339320725
2016-12-27,120.70376299670154
2016-12-28,120.03659032612177
2016-12-29,119.87838475101213
2016-12-30,118.40564687457416
2017-01-02,118.08616536959563
2017-01-03,118.27253484070337
2017-01-04,119.38426294825823
2017-01-05,121.09574083586074
2017-01-06,121.55603157113079
2017-01-09,123.12297742534655
2017-01-10,124.62635298202052
2017-01-11,124.97740189688409
2017-01-12,124.48895505193184
2017-01-13,125.47902953636132
2017-01-16,125.7447938404685
2017-01-17,125.14780517509836
2017-01-18,125.19999610271582
2017-01-19,124.59634218312773
2017-01-20,125.05672967950757
2017-01-23,126.14786192832057
2017-01-24,126.4030785673326
2017-01-25,125.64403843603387
2017-01-26,125.11621413161751
2017-01-27,125.57143910035099
2017-01-30,125.42770922191617
2017-01-31,126.34986694719161
2017-02-01,128.04036692736196
2017-02-02,127.5836588280673
2017-02-03,127.74570199654839
2017-02-06,128.42146276201473
2017-02-07,128.08403870079326
2017-02-08,128.96628954331328
2017-02-09,128.21466733297473
2017-02-10,129.3314700295662
2017-02-13,128.7068802729596
2017-02-14,127.93923942095557
2017-02-15,128.10581625057355
2017-02-16,128.55708938892806
2017-02-17,128.87746869095798
2017-02-20,128.722910174622
2017-02-21,129.6735954781602
2017-02-22,130.0808383400531
2017-02-23,129.36732485565588
2017-02-24,129.31085696783967
2017-02-27,129.92185893894043
2017-02-28,128.9262123460451
2017-03-01,128.73663494712312
2017-03-02,128.08926492558368
2017-03-03,127.81924013266772
2017-03-06,127.51176131981657
2017-03-07,127.55308538471421
2017-03-08,127.23394107026029
2017-03-09,126.75610456490811
2017-03-10,126.74135600839976
2017-03-13,127.00733223168537
2017-03-14,126.72168819822025
2017-03-15,126.70934019275629
2017-03-16,125.7000001339612
2017-03-17,125.2609662252699
2017-03-20,125.34669963329691
2017-03-21,123.07498584050079
2017-03-22,122.62112143329503
2017-03-23,121.75544366696757
2017-03-24,123.03400162049688
2017-03-27,122.83659182759293
2017-03-28,122.65560098865741
2017-03-29,124.82388045311022
2017-03-30,125.13370646132672
2017-03-31,124.91781009760327
2017-04-03,125.8181599304436
2017-04-04,125.20944889768813
2017-04-05,125.42185364238152
2017-04-06,124.8239270482459
2017-04-07,125.33448429531443
2017-04-10,125.10041460061943
2017-04-11,124.48947290160605
2017-04-12,124.69486867776907
2017-04-13,124.69661235936834
2017-04-14,124.69661235936834
2017-04-17,125.54042445973343
2017-04-18,126.63609673929088
2017-04-19,126.7912599468383
2017-04-20,128.23715838983443
2017-04-21,127.81649756030848
2017-04-24,127.20103014324137
2017-04-25,127.7323940146865
2017-04-26,127.77448059966696
2017-04-27,128.89393295462003
2017-04-28,129.0748867952449
2017-05-01,130.54944573226626
2017-05-02,129.44721417926894
2017-05-03,129.55512350220835
2017-05-04,128.25357258008935
2017-05-05,127.48632586042908
2017-05-08,127.65300024641948
2017-05-09,127.91255951544994
2017-05-10,129.46561947380678
2017-05-11,130.53405037308139
2017-05-12,130.690842426063
2017-05-15,131.333085346077
2017-05-16,131.92487546393014
2017-05-17,131.02649638277265
2017-05-18,131.96583675602722
2017-05-19,131.65491390378628
2017-05-22,133.19853583735141
2017-05-23,132.14641511166337
2017-05-24,132.06797745022646
2017-05-25,132.01531916013153
2017-05-26,132.85966138056156
2017-05-29,132.8031999002799
2017-05-30,133.15659053851485
2017-05-31,132.62786620537992
2017-06-01,132.827918717661
2017-06-02,134.0389183014555
2017-06-05,134.5322417138942
2017-06-06,135.12011119798197
2017-06-07,134.87659647833507
2017-06-08,135.08325141060945
2017-06-09,131.84454420568642
2017-06-12,131.94806817867087
2017-06-13,132.15911110153132
2017-06-14,132.65989175422706
2017-06-15,131.89275815522456
2017-06-16,131.30871018803697
2017-06-19,132.863706994175
2017-06-20,133.53643952968457
2017-06-21,135.81704048104584
2017-06-22,137.1139255352766
2017-06-23,138.25013494852652
2017-06-26,136.65286101779583
2017-06-27,134.77771479799551
2017-06-28,135.98097584483176
2017-06-29,134.64107407628123
2017-06-30,134.47654703012904
2017-07-03,132.37566964101362
2017-07-04,132.5020936417408
2017-07-05,134.259484362471
2017-07-06,134.56270939096083
2017-07-07,135.59736493795594
2017-07-10,136.62720127745203
2017-07-11,137.72541476490068
2017-07-12,138.3491725927479
2017-07-13,136.90439708364698
2017-07-14,137.74974756192765
2017-07-17,137.03455802347747
2017-07-18,138.87007023406034
2017-07-19,140.1726299331689
2017-07-20,141.18190037101786
2017-07-21,142.00845550786053
2017-07-24,141.97611682932921
2017-07-25,140.43820376812812
2017-07-26,140.4914147100987
2017-07-27,139.21195348313898
2017-07-28,140.49350725343788
2017-07-31,139.58739730800744
2017-08-01,140.29303135852902
2017-08-02,140.42288810985744
2017-08-03,139.62486701010317
2017-08-04,138.42899382804305
2017-08-07,139.391476675231
2017-08-08,139.3434260416587
2017-08-09,140.1022446511447
2017-08-10,138.69844529446766
2017-08-11,140.36638038295752
2017-08-14,140.46886828104303
2017-08-15,140.61502733962166
2017-08-16,140.91515826625695
2017-08-17,140.69601720416483
2017-08-18,141.33011577275582
2017-08-21,141.44660028897522
2017-08-22,143.50123143779217
2017-08-23,143.79941662633513
2017-08-24,143.3016767518857
2017-08-25,143.4496979468721
2017-08-28,143.85110473372185
2017-08-29,145.23783700228455
2017-08-30,146.2634247255087
2017-08-31,145.92348164240565
2017-09-01,146.9007033942219
2017-09-04,147.41161626359354
2017-09-05,147.1889764724207
2017-09-06,146.96455605268747
2017-09-07,147.43832342762647
2017-09-08,145.75052693030122
2017-09-11,145.53678144266522
2017-09-12,145.91661458726074
2017-09-13,146.61040214081635
2017-09-14,146.6641758108113
2017-09-15,147.2040937719693
2017-09-18,148.15164589456694
2017-09-19,148.36712150740814
2017-09-20,148.8968936944575
2017-09-21,148.29765064066345
2017-09-22,148.21731980947087
2017-09-25,146.01830458778815
2017-09-26,145.62371360701525
2017-09-27,146.01146624009385
2017-09-28,145.65095189283943
2017-09-29,146.61117835405926
2017-10-02,147.6281873473728
2017-10-03,146.14135696683462
2017-10-04,148.87062781617493
2017-10-05,146.97686897656038
2017-10-06,148.4118032035424
2017-10-09,148.5982422930991
2017-10-10,148.6703186374947
2017-10-11,148.56825558938309
2017-10-12,148.36498473311676
2017-10-13,148.5731812932118
2017-10-16,150.92553904008713
2017-10-17,150.5731320529088
2017-10-18,148.748006803313
2017-10-19,149.36773421160157
2017-10-20,149.46379586939727
2017-10-23,150.14516431298438
2017-10-24,151.08516655030922
2017-10-25,150.0666249961352
2017-10-26,148.16773212892235
2017-10-27,152.67411074799116
2017-10-30,150.44250757779216
2017-10-31,149.7301604204904
2017-11-01,151.15890759378703
2017-11-02,151.8620197684943
2017-11-03,153.6333501127597
2017-11-06,154.92036725162126
2017-11-07,155.9016960747089
2017-11-08,155.93970654271646
2017-11-09,156.24203615043
2017-11-10,156.21814188765816
2017-11-13,155.89526623398544
2017-11-14,155.80747867402778
2017-11-15,154.52607226663162
2017-11-16,154.40687107523325
2017-11-17,156.5975355335771
2017-11-20,156.77261810396345
2017-11-21,158.3313478502598
2017-11-22,158.555397259034
2017-11-23,158.7161561414929
2017-11-24,158.9883457415234
2017-11-27,157.93170991349874
2017-11-28,155.3838333390147
2017-11-29,150.76586651963402
2017-11-30,151.34684905553922
2017-12-01,150.92762843126494
2017-12-04,147.40072250578706
2017-12-05,147.2006890318783
2017-12-06,148.66365376853057
2017-12-07,148.70209322938226
2017-12-08,148.25639443081218
2017-12-11,149.69560529053396
2017-12-12,149.27854237254277
2017-12-13,151.31678726412463
2017-12-14,151.0393830343025
2017-12-15,151.74183555066998
2017-12-18,152.19008126608483
2017-12-19,152.07325057806705
2017-12-20,151.76296863635724
2017-12-21,152.03609167243602
2017-12-22,153.09910058128452
2017-12-25,153.09910058128452
2017-12-26,152.6151184838897
2017-12-27,152.76900538615965
2017-12-28,152.70636666397468
2017-12-29,152.22286795998596
2018-01-01,152.22286795998596
2018-01-02,154.82544058111063
2018-01-03,155.07325546694983
2018-01-04,154.18494842374056
2018-01-05,154.30968649067162
2018-01-08,155.06700125664827
2018-01-09,154.46252101774166
2018-01-10,154.0549384191217
2018-01-11,153.5687779434677
2018-01-12,153.12864483477438
2018-01-15,152.51263994493377
2018-01-16,151.9349279110782
2018-01-17,153.18024071026312
2018-01-18,153.70272935265348
2018-01-19,153.7307192643546
2018-01-22,153.56150333691917
2018-01-23,154.0139096519051
2018-01-24,154.4621984075341
2018-01-25,153.5279702702944
2018-01-26,154.49338749613545
2018-01-29,153.55192459932215
2018-01-30,153.46068498521262
2018-01-31,153.70699831124597
2018-02-01,152.10972663616772
2018-02-02,151.7180481869982
2018-02-05,149.62260770784098
2018-02-06,154.58480507602064
2018-02-07,149.98097771989418
2018-02-08,147.54597099604237
2018-02-09,149.13847023289023
2018-02-12,150.22834535741723
2018-02-13,149.8839889851909
2018-02-14,152.5121431641357
2018-02-15,153.343053039035
2018-02-16,151.69314801549285
2018-02-19,152.40445904019126
2018-02-20,153.6592561330965
2018-02-21,153.220220499095
2018-02-22,152.57693727692487
2018-02-23,153.65474113878304
2018-02-26,155.12039643510315
2018-02-27,154.08123242722414
2018-02-28,153.50336517767033
2018-03-01,153.3195242020573
2018-03-02,156.1120096154946
2018-03-05,156.3986222899951
2018-03-06,158.00946484579475
2018-03-07,158.2402842189896
2018-03-08,159.75292159187123
2018-03-09,161.2031009149528
2018-03-12,163.3643882022302
2018-03-13,161.93180873661703
2018-03-14,162.60967577055723
2018-03-15,163.48385351040966
2018-03-16,163.53632877254802
2018-03-19,161.42177570585932
2018-03-20,161.92039191415017
2018-03-21,162.27709587954013
2018-03-22,161.23244823861842
2018-03-23,159.06504735497856
2018-03-26,162.29907684119655
2018-03-27,158.51595668832138
2018-03-28,156.2488376460503
2018-03-29,157.0965817425916
2018-03-30,157.0965817425916
2018-04-02,155.1630835024599
2018-04-03,156.46665290787269
2018-04-04,157.13694342451092
2018-04-05,155.41840932494415
2018-04-06,154.00305122724734
2018-04-09,155.31024025544554
2018-04-10,157.10063231415316
2018-04-11,156.92222016031488
2018-04-12,158.59537554045676
2018-04-13,158.0642376624781
2018-04-16,157.4060630812992
2018-04-17,160.14319235699548
2018-04-18,159.24368536236855
2018-04-19,156.91516545220216
2018-04-20,155.54881116168465
2018-04-23,155.3761050141651
2018-04-24,153.133998788102
2018-04-25,152.25588791112062
2018-04-26,156.10507858580542
2018-04-27,155.13448325462855
2018-04-30,154.89701909686008
2018-05-01,156.05193092044664
2018-05-02,154.96503913012134
2018-05-03,155.76877265331842
2018-05-04,158.4056048538966
2018-05-07,160.32270334316064
2018-05-08,160.15920352709878
2018-05-09,160.49949500110628
2018-05-10,161.42514299343458
2018-05-11,161.07589940663175
2018-05-14,163.38430870327116
2018-05-15,162.85370893128433
2018-05-16,163.76909702983136
2018-05-17,161.72580446750322
2018-05-18,161.6646259570522
2018-05-21,161.75895818772528
2018-05-22,161.88579918578318
2018-05-23,163.24259975174974
2018-05-24,163.28079978506858
2018-05-25,165.76602802793678
2018-05-28,165.7473567968773
2018-05-29,167.60539322896696
2018-05-30,167.13526013169985
2018-05-31,167.88401542603492
2018-06-01,168.41889741593005
2018-06-04,169.02663730257927
2018-06-05,169.1308701335209
2018-06-06,168.3755643092296
2018-06-07,167.17320138667952
2018-06-08,167.97847924867548
2018-06-11,166.8307047570237
2018-06-12,166.7156029670639
2018-06-13,167.16151741287288
2018-06-14,168.23973268024895
2018-06-15,168.77050401253953
2018-06-18,168.98644096767578
2018-06-19,168.30757586161351
2018-06-20,168.8629491758877
2018-06-21,169.3792023419756
2018-06-22,168.6531941665932
2018-06-25,165.9979481959562
2018-06-26,165.53766851744737
2018-06-27,163.0516447990932
2018-06-28,165.06395701470674
2018-06-29,166.49432640697927
2018-07-02,167.65098303756355
2018-07-03,166.0024629647376
2018-07-04,165.5959655106078
2018-07-05,167.04703735280356
2018-07-06,168.04864914339333
2018-07-09,168.39844655353016
2018-07-10,168.86764779146688
2018-07-11,167.6715841749289
2018-07-12,168.6003706522307
2018-07-13,168.31234273838493
2018-07-16,167.43867819130784
2018-07-17,168.55940763425772
2018-07-18,168.52034279566774
2018-07-19,167.84191696544806
2018-07-20,166.37707680617592
2018-07-23,167.234503874908
2018-07-24,167.25981808824383
2018-07-25,168.3397273810967
2018-07-26,167.4090535976919
2018-07-27,166.75800099039216
2018-07-30,165.25611770886772
2018-07-31,165.81128148319223
2018-08-01,166.1401097009837
2018-08-02,168.2029120743166
2018-08-03,167.0978514273423
2018-08-06,167.21943469647934
2018-08-07,167.29400192512838
2018-08-08,167.24839516584868
2018-08-09,165.89004989681644
2018-08-10,166.16206644985434
2018-08-13,166.46101427346008
2018-08-14,165.750803649043
2018-08-15,162.94163331898793
2018-08-16,162.59795516723165
2018-08-17,162.10068216634676
2018-08-20,161.8830773407036
2018-08-21,161.05197448946961
2018-08-22,161.21684276156557
2018-08-23,161.00267168379523
2018-08-24,162.9088507982038
2018-08-27,164.295976487275
2018-08-28,164.44770541853688
2018-08-29,164.91584851853244
2018-08-30,164.8052212750057
2018-08-31,165.10081698886094
2018-09-03,164.7786147371888
2018-09-04,163.92943933321123
2018-09-05,161.19562218648613
2018-09-06,159.68542844236444
2018-09-07,161.17640658971723
2018-09-10,160.41955006314225
2018-09-11,160.43874655429863
2018-09-12,160.801818711752
2018-09-13,161.9551110392996
2018-09-14,161.84223647816285
2018-09-17,159.36890943011645
2018-09-18,159.9792686142076
2018-09-19,160.26704890320212
2018-09-20,161.29064776891704
2018-09-21,160.59131530655247
2018-09-24,161.51741718598024
2018-09-25,161.68455749176266
2018-09-26,162.30118523389186
2018-09-27,164.17575694465336
2018-09-28,167.37426771790143
2018-10-01,165.98233791894685
2018-10-02,165.59583616476866
2018-10-03,164.98357515675454
2018-10-04,163.65807784581858
2018-10-05,163.51044522554628
2018-10-08,163.2413884924183
2018-10-09,162.13624269784978
2018-10-10,159.04436592016106
2018-10-11,161.09746876211855
2018-10-12,164.5694994194966
2018-10-15,163.31253108965734
2018-10-16,165.36228773087808
2018-10-17,165.47054373080064
2018-10-18,164.30294794785357
2018-10-19,163.53078697156212
2018-10-22,165.12887928272428
2018-10-23,165.6220966820224
2018-10-24,159.2858475713743
2018-10-25,161.97250072658056
2018-10-26,159.82612792097873
2018-10-29,157.0964963319601
2018-10-30,159.2684869985245
2018-10-31,160.63607509286325
2018-11-01,164.0290912802233
2018-11-02,160.8867935284818
2018-11-05,159.38401866736743
2018-11-06,158.63310848223253
2018-11-07,161.82482735987506
2018-11-08,160.30032253332686
2018-11-09,156.82915935744882
2018-11-12,153.81990038756288
2018-11-13,153.98478912005314
2018-11-14,154.90060112774304
2018-11-15,157.7713653794072
2018-11-16,155.6611689249474
2018-11-19,151.0851311929312
2018-11-20,151.3045693453462
2018-11-21,153.1623636664262
2018-11-22,153.44750506044568
2018-11-23,152.79334722996282
2018-11-26,154.13778530853557
2018-11-27,153.49709096649224
2018-11-28,155.93536293205247
2018-11-29,155.91349954208525
2018-11-30,158.19445658819927
2018-12-03,159.0114393077238
2018-12-04,156.35398450354754
2018-12-05,156.84299497052393
2018-12-06,158.77093361871906
2018-12-07,154.45846125213143
2018-12-10,157.72333934909096
2018-12-11,158.1071395312448
2018-12-12,159.32635782855826
2018-12-13,158.4866676157967
2018-12-14,157.960320901523
2018-12-17,156.4935082942985
2018-12-18,158.0454423163197
2018-12-19,154.18237610150766
2018-12-20,156.1083121707916
2018-12-21,155.7748482710746
2018-12-24,155.04477797576942
2018-12-25,155.04477797576942
2018-12-26,159.90827650033742
2018-12-27,161.54991634028906
2018-12-28,160.03468895568463
2018-12-31,159.84654652811167
2019-01-01,159.84654652811167
2019-01-02,160.56287384099448
2019-01-03,157.38638273415822
2019-01-04,159.69467183099616
2019-01-07,162.00511424746364
2019-01-08,160.69064966494778
2019-01-09,163.59248551413822
2019-01-10,163.42278785245944
2019-01-11,161.7645924488907
2019-01-14,162.01154148882497
2019-01-15,163.3929250821354
2019-01-16,162.89888979081994
2019-01-17,164.92028456886405
2019-01-18,166.05616698223434
2019-01-21,165.60845661942636
2019-01-22,162.69903757425794
2019-01-23,161.50530980426652
2019-01-24,164.71255584856016
2019-01-25,165.73498957329983
2019-01-28,164.98331714635046
2019-01-29,161.59340207739393
2019-01-30,164.70119636853894
2019-01-31,167.8641837572057
2019-02-01,167.8196971147187
2019-02-04,169.3389841043113
2019-02-05,168.8161923409133
2019-02-06,167.05567333730914
2019-02-07,168.2342055325855
2019-02-08,168.34347418883428
2019-02-11,167.2245160769479
2019-02-12,168.5439901800147
2019-02-13,169.02475962238628
2019-02-14,169.51863716257006
2019-02-15,167.49654904952865
2019-02-18,166.84097392934223
2019-02-19,166.07145226511852
2019-02-20,166.12843756853275
2019-02-21,165.3717246983882
2019-02-22,164.9917378551763
2019-02-25,165.66144664974956
2019-02-26,165.3963485378328
2019-02-27,163.42171642531275
2019-02-28,162.75800772312508
2019-03-01,165.28722929150263
2019-03-04,165.31381715252655
2019-03-05,167.32039451234925
2019-03-06,166.30842612384265
2019-03-07,165.85184659422342
2019-03-08,166.7174214108037
2019-03-11,169.25198685882623
2019-03-12,170.81134086152366
2019-03-13,170.94741908037406
2019-03-14,169.66712146026637
2019-03-15,169.81863487751298
2019-03-18,168.72195021946587
2019-03-19,168.04170567814324
2019-03-20,167.3511976693955
2019-03-21,173.01762361860042
2019-03-22,171.2618206352056
2019-03-25,170.56086540020812
2019-03-26,170.993313321337
2019-03-27,168.25056301887773
2019-03-28,168.2887119339001
2019-03-29,168.95371561472027
2019-04-01,169.71625231643742
2019-04-02,171.82880877532193
2019-04-03,172.635808289713
2019-04-04,172.66686924892645
2019-04-05,174.38154454660165
2019-04-08,175.18381022253007
2019-04-09,174.97682686704837
2019-04-10,175.67435391358558
2019-04-11,173.9248219832173
2019-04-12,172.66471989227264
2019-04-15,172.13652667345025
2019-04-16,170.74942518110598
2019-04-17,168.96772200985924
2019-04-18,169.38010793835835
2019-04-19,169.38010793835835
2019-04-22,170.77417941076448
2019-04-23,172.69338029967653
2019-04-24,173.06029991958894
2019-04-25,174.66921608863902
2019-04-26,175.43906877684952
2019-04-29,175.29735758887333
2019-04-30,174.37022623676359
2019-05-01,173.8919066624522
2019-05-02,175.14449911027
2019-05-03,176.48095698167222
2019-05-06,176.6459459273431
2019-05-07,174.6433442123993
2019-05-08,173.54364778096743
2019-05-09,174.7172589240569
2019-05-10,175.43782417291908
2019-05-13,172.79883879040398
2019-05-14,173.48028802788065
2019-05-15,175.3227501196415
2019-05-16,175.3238649127862
2019-05-17,172.57539983716794
2019-05-20,169.1606799615525
2019-05-21,170.12672621070348
2019-05-22,170.43288164973097
2019-05-23,170.67541678785506
2019-05-24,169.46603881423854
2019-05-27,169.64774024047324
2019-05-28,170.31522641732798
2019-05-29,169.54104618412455
2019-05-30,168.66987874316357
2019-05-31,167.82277457381707
2019-06-03,165.5040531205213
2019-06-04,168.61024538055366
2019-06-05,167.57659354237677
2019-06-06,168.01279533526125
2019-06-07,169.10302469218786
2019-06-10,171.26592883335329
2019-06-11,171.9620691643596
2019-06-12,171.56235724737246
2019-06-13,171.86437544632543
2019-06-14,172.53437222230767
2019-06-17,173.1985523204193
2019-06-18,175.5132170648126
2019-06-19,175.5074255735893
2019-06-20,177.9929052881055
2019-06-21,178.62506018952143
2019-06-24,178.8403464444404
2019-06-25,175.89378723519482
2019-06-26,178.61447435166136
2019-06-27,181.2200739258287
2019-06-28,181.8164975555428
2019-07-01,183.34437179238324
2019-07-02,183.5160443617065
2019-07-03,181.17940778723496
2019-07-04,181.45352319667043
2019-07-05,181.39316987233272
2019-07-08,181.4075790520239
2019-07-09,182.7357728662547
2019-07-10,184.53079391406487
2019-07-11,184.74496435302615
2019-07-12,184.94723425037847
2019-07-15,185.28682624172382
2019-07-16,183.6789217851537
2019-07-17,183.57194344238454
2019-07-18,186.09657127596026
2019-07-19,185.1380974334288
2019-07-22,187.72870449509193
2019-07-23,187.1634646649809
2019-07-24,188.1940443685478
2019-07-25,187.43510287244598
2019-07-26,190.75352960161055
2019-07-29,190.37296765449798
2019-07-30,194.21121576678806
2019-07-31,191.42261612984237
2019-08-01,188.3075033290743
2019-08-02,189.91427844202371
2019-08-05,186.72986451373188
2019-08-06,189.7457861837624
2019-08-07,189.5796090746694
2019-08-08,190.97795251237267
2019-08-09,192.4767409322255
2019-08-12,193.171733167647
2019-08-13,197.91880410159894
2019-08-14,197.77209613261093
2019-08-15,198.28448383202618
2019-08-16,198.2089036738788
2019-08-19,200.23059328723565
2019-08-20,201.08421661976118
2019-08-21,201.15944701789726
2019-08-22,200.3054120237655
2019-08-23,197.66617445898646
2019-08-26,198.660252223167
2019-08-27,197.9829789888898
2019-08-28,198.79536222947402
2019-08-29,200.4893516095545
2019-08-30,199.03321107127704
2019-09-02,199.5109876763324
2019-09-03,198.54498946635792
2019-09-04,199.7629271612423
2019-09-05,197.8906140463269
2019-09-06,198.27249733950347
2019-09-09,194.70416987279077
2019-09-10,193.00905269616518
2019-09-11,192.34404737117697
2019-09-12,194.88981083010225
2019-09-13,192.5228208419096
2019-09-16,194.42599119494065
2019-09-17,195.9203610021645
2019-09-18,195.82941731082434
2019-09-19,195.38438878623316
2019-09-20,193.4662750113335
2019-09-23,195.85396951195628
2019-09-24,194.07031469665742
2019-09-25,196.13870196927152
2019-09-26,194.2169556791943
2019-09-27,188.62178958835818
2019-09-30,188.7231786439727
2019-10-01,189.28329909570945
2019-10-02,190.98530176825003
2019-10-03,194.76285116623563
2019-10-04,196.6035867079736
2019-10-07,195.1178816696356
2019-10-08,193.84771813892274
2019-10-09,194.56548875682847
2019-10-10,194.19081112549495
2019-10-11,192.98812830014919
2019-10-14,194.0273197956287
2019-10-15,196.00893992957944
2019-10-16,194.97919697199413
2019-10-17,195.52352400808203
2019-10-18,194.975339371906
2019-10-21,195.68134880552577
2019-10-22,191.17259330860577
2019-10-23,191.03089596574176
2019-10-24,194.53722632700644
2019-10-25,192.6623810558315
2019-10-28,194.96767875443226
2019-10-29,195.10178039931282
2019-10-30,196.7852760829549
2019-10-31,196.75616079262574
2019-11-01,197.19829026333403
2019-11-04,197.32986958794282
2019-11-05,196.31249752445538
2019-11-06,195.90959776610615
2019-11-07,197.55650057284578
2019-11-08,199.14793158948473
2019-11-11,196.59351764256726
2019-11-12,198.3005474503118
2019-11-13,200.32749364628714
2019-11-14,199.42739342654596
2019-11-15,201.13131716963775
2019-11-18,200.95736932350667
2019-11-19,200.71531987787466
2019-11-20,200.52663907281502
2019-11-21,200.48809072733775
2019-11-22,200.66363292729335
2019-11-25,202.38333300607906
2019-11-26,202.77245513157197
2019-11-27,203.62103900906916
2019-11-28,203.47042757563446
2019-11-29,202.9801025100122
2019-12-02,203.4407598240432
2019-12-03,204.56679901432676
2019-12-04,204.9508159560193
2019-12-05,204.92642804397468
2019-12-06,204.20601938790327
2019-12-09,203.96260634909055
2019-12-10,205.74987996962005
2019-12-11,206.4043858700887
2019-12-12,206.11908881093854
2019-12-13,206.41722958509948
2019-12-16,207.46654205219107
2019-12-17,208.5802672968784
2019-12-18,208.66190452514343
2019-12-19,209.75111126317566
2019-12-20,208.93618461385242
2019-12-23,209.3364329188967
2019-12-24,209.54761788359008
2019-12-25,209.54761788359008
2019-12-26,210.167894182623
2019-12-27,210.04907391078225
2019-12-30,209.62650018914803
2019-12-31,210.4696257314672
2020-01-01,210.4696257314672
2020-01-02,213.30458635928585
2020-01-03,211.92172314841417
2020-01-06,213.58694059900517
2020-01-07,215.98995541944194
2020-01-08,216.88475508620328
2020-01-09,218.24753406434687
2020-01-10,219.13722559912807
2020-01-13,219.61470511325635
2020-01-14,217.59669521588734
2020-01-15,217.92060594343027
2020-01-16,219.25004977516943
2020-01-17,220.20655047625624
2020-01-20,221.0020189593734
2020-01-21,222.17339380911616
2020-01-22,221.26596087349947
2020-01-23,221.39966286052803
2020-01-24,219.6443391385418
2020-01-27,218.26640540075454
2020-01-28,220.41896383999654
2020-01-29,221.3223731512524
2020-01-30,221.60697426686482
2020-01-31,221.2172882107275
2020-02-03,221.0028118094775
2020-02-04,220.81954230193313
2020-02-05,218.07528769792694
2020-02-06,217.3604695199954
2020-02-07,216.340241700964
2020-02-10,219.51227835284314
2020-02-11,220.66741414623613
2020-02-12,219.69035954475117
2020-02-13,221.435761078189
2020-02-14,223.461369123501
2020-02-17,223.77720716679104
2020-02-18,224.01444179737427
2020-02-19,224.3528577984647
2020-02-20,223.92297140744589
2020-02-21,221.4981636344266
2020-02-24,222.7130308302932
2020-02-25,223.9536011911852
2020-02-26,224.45970546833436
2020-02-27,224.82323147208456
2020-02-28,228.89631522537817
2020-03-02,235.78617468466996
2020-03-03,233.19595328394945
2020-03-04,240.80187374517402
2020-03-05,241.9298745516294
2020-03-06,241.98647528153492
2020-03-09,245.84971003765014
2020-03-10,255.74153502439336
2020-03-11,251.60266472917868
2020-03-12,258.75660966219925
2020-03-13,257.5247041285282
2020-03-16,246.16847762495044
2020-03-17,243.33932053704353
2020-03-18,238.0515929529507
2020-03-19,245.89772397717962
2020-03-20,246.4005537697508
2020-03-23,258.7388380371421
2020-03-24,263.7883142420308
2020-03-25,253.76766035716648
2020-03-26,254.84120667029336
2020-03-27,253.22691242500045
2020-03-30,263.4519021021029
2020-03-31,263.6137779034791
2020-04-01,265.42867161322755
2020-04-02,274.13793699998973
2020-04-03,273.67038890822784
2020-04-06,279.6311714916809
2020-04-07,270.9559253036528
2020-04-08,274.27063780905377
2020-04-09,265.9501877373637
2020-04-10,265.9501877373637
2020-04-13,267.82681906332175
2020-04-14,274.9638751909174
2020-04-15,282.97270065282413
2020-04-16,290.833153180575
2020-04-17,288.4603544134321
2020-04-20,290.77061200534257
2020-04-21,287.3413983403113
2020-04-22,294.80794527150846
2020-04-23,291.68071844687864
2020-04-24,299.15519159944705
2020-04-27,295.6189402080099
2020-04-28,282.9137447239017
2020-04-29,285.66947609984
2020-04-30,286.76936745111544
2020-05-01,286.1395906190137
2020-05-04,294.43419686077743
2020-05-05,300.2420488885216
2020-05-06,307.40491545655567
2020-05-07,308.6445212015423
2020-05-08,310.63217550989333
2020-05-11,317.9423384445785
2020-05-12,316.8858945208169
2020-05-13,322.62557976518684
2020-05-14,322.8792830738401
2020-05-15,327.8878865242004
2020-05-18,317.8652577972748
2020-05-19,329.0942235928442
2020-05-20,332.2737662089562
2020-05-21,330.8334110179671
2020-05-22,329.59754025807774
2020-05-25,321.95937572656874
2020-05-26,309.5639224636029
2020-05-27,306.07982830876455
2020-05-28,307.12673617064354
2020-05-29,317.8888031908657
2020-06-01,313.0976088071988
2020-06-02,307.4234619178672
2020-06-03,302.1756104119232
2020-06-04,296.9860668572958
2020-06-05,287.29583651527525
