Date,Quality
2015-05-01,100.0
2015-05-04,99.60229688278378
2015-05-05,99.8182277116627
2015-05-06,99.77191612360889
2015-05-07,99.1243351653872
2015-05-08,98.78809557476005
2015-05-11,98.82733334180499
2015-05-12,99.19811061153935
2015-05-13,99.56470543316038
2015-05-14,99.68722151772607
2015-05-15,99.41679956941853
2015-05-18,100.28347276724448
2015-05-19,98.03067352405255
2015-05-20,97.03164689287125
2015-05-21,94.1776129466001
2015-05-22,94.9600075945391
2015-05-25,95.95877605137841
2015-05-26,96.00358845123564
2015-05-27,96.38808121923752
2015-05-28,97.12104062356224
2015-05-29,98.5186810305156
2015-06-01,99.17494556493732
2015-06-02,99.01620793752836
2015-06-03,100.04587206726627
2015-06-04,101.17483255166484
2015-06-05,102.44224209652229
2015-06-08,100.88005336639168
2015-06-09,99.89392764519495
2015-06-10,99.66208113567282
2015-06-11,99.57930845626598
2015-06-12,100.75240361291854
2015-06-15,101.99443640762364
2015-06-16,102.72001875653704
2015-06-17,103.60544906091963
2015-06-18,103.35232339403932
2015-06-19,103.68681847511931
2015-06-22,100.83706370115281
2015-06-23,99.5019043481842
2015-06-24,99.03033859833782
2015-06-25,98.9980775725276
2015-06-26,99.02789892423098
2015-06-29,100.79687596057609
2015-06-30,102.27198799503059
2015-07-01,101.77928086485943
2015-07-02,102.34310121984623
2015-07-03,102.70835267226603
2015-07-06,104.59093323799952
2015-07-07,109.3183419579914
2015-07-08,106.4825200281662
2015-07-09,103.8165305802876
2015-07-10,102.72086264592103
2015-07-13,102.48491863200427
2015-07-14,101.56981405946728
2015-07-15,102.62485410719925
2015-07-16,101.30866587520693
2015-07-17,100.99541004262952
2015-07-20,102.73438719597446
2015-07-21,102.34110681893667
2015-07-22,102.18901642086638
2015-07-23,101.83758568235189
2015-07-24,102.8562903152338
2015-07-27,105.50113771902905
2015-07-28,109.04678271843733
2015-07-29,110.51243225080587
2015-07-30,111.64797453195668
2015-07-31,110.38372248698829
2015-08-03,109.44413647914112
2015-08-04,109.80199048700774
2015-08-05,110.04621228244346
2015-08-06,109.76895079957372
2015-08-07,111.11210829903055
2015-08-10,112.10095605582615
2015-08-11,113.39574598516795
2015-08-12,116.81397803588388
2015-08-13,114.75024226889232
2015-08-14,116.62658486242739
2015-08-17,116.09649314629144
2015-08-18,116.16006750714219
2015-08-19,116.98594969218546
2015-08-20,117.48990678043145
2015-08-21,117.66506935459465
2015-08-24,120.95034662758448
2015-08-25,114.13692810332122
2015-08-26,120.52447921426788
2015-08-27,117.35829906822411
2015-08-28,117.61857754253879
2015-08-31,117.83745575093826
2015-09-01,116.22601223268127
2015-09-02,118.75287269444038
2015-09-03,118.77443505409303
2015-09-04,120.49077424492489
2015-09-07,120.69124213636246
2015-09-08,122.5004193231009
2015-09-09,119.5475317958557
2015-09-10,122.36026627092828
2015-09-11,123.96709415356332
2015-09-14,124.46956147522678
2015-09-15,126.0181283707185
2015-09-16,124.36810628259386
2015-09-17,124.79211783147527
2015-09-18,127.85820771716614
2015-09-21,130.19021173106287
2015-09-22,133.9220557094897
2015-09-23,136.04287660166537
2015-09-24,137.67574531718634
2015-09-25,135.95357759561657
2015-09-28,136.65028136391416
2015-09-29,136.28750173243995
2015-09-30,136.26373227735843
2015-10-01,134.9658439503196
2015-10-02,135.24552346414728
2015-10-05,134.98920484598315
2015-10-06,131.12570213801266
2015-10-07,130.7508036739254
2015-10-08,131.41563421372166
2015-10-09,130.79921132245485
2015-10-12,134.96295704346707
2015-10-13,136.32395282073213
2015-10-14,139.19590530081962
2015-10-15,139.53992751852877
2015-10-16,138.328274520778
2015-10-19,139.48106122658723
2015-10-20,143.31473444709698
2015-10-21,141.93529551157957
2015-10-22,140.51042445989435
2015-10-23,148.48001561394952
2015-10-26,145.35829041352665
2015-10-27,148.15748550791366
2015-10-28,149.1836099837214
2015-10-29,147.899925932016
2015-10-30,144.03307044956097
2015-11-02,142.39688199983487
2015-11-03,140.98176873166958
2015-11-04,142.2685266648836
2015-11-05,143.7347333796748
2015-11-06,142.29319068549682
2015-11-09,142.49200535530198
2015-11-10,141.87996150650366
2015-11-11,140.3721405871352
2015-11-12,142.7551673023085
2015-11-13,141.5198773692646
2015-11-16,141.76345146605723
2015-11-17,138.8895315708183
2015-11-18,140.12654544759638
2015-11-19,141.76468380871447
2015-11-20,143.26141590924345
2015-11-23,141.5520523185431
2015-11-24,139.62048906132665
2015-11-25,141.53898182656712
2015-11-26,139.97658067303797
2015-11-27,139.9664805622894
2015-11-30,136.76117824562553
2015-12-01,138.3758114854342
2015-12-02,140.80952330902045
2015-12-03,143.01263644895678
2015-12-04,146.08362227222597
2015-12-07,148.69805782343312
2015-12-08,151.9183407948799
2015-12-09,144.8891490775759
2015-12-10,143.76143036731258
2015-12-11,146.7543250770322
2015-12-14,151.9187133166784
2015-12-15,149.3046002290683
2015-12-16,148.23040305694562
2015-12-17,142.4343112595415
2015-12-18,140.15377092663374
2015-12-21,141.7346121927158
2015-12-22,140.65933949415208
2015-12-23,136.51452680803692
2015-12-24,136.62732956661654
2015-12-25,136.62732956661654
2015-12-28,139.7605390166074
2015-12-29,139.04440049659243
2015-12-30,139.40847446159418
2015-12-31,138.28068429326515
2016-01-01,138.28068429326515
2016-01-04,137.4788041634053
2016-01-05,133.71910119204736
2016-01-06,134.5678758306048
2016-01-07,134.54155009341196
2016-01-08,135.89852108571782
2016-01-11,136.30752380735936
2016-01-12,135.87957259746815
2016-01-13,131.67696905978025
2016-01-14,135.72025211726844
2016-01-15,140.01626644558743
2016-01-18,141.68270090706102
2016-01-19,140.07630783178044
2016-01-20,145.94219511147182
2016-01-21,141.87674301892284
2016-01-22,140.45772994392178
2016-01-25,141.67771946908803
2016-01-26,143.12733697652303
2016-01-27,141.86222315645227
2016-01-28,146.3186976928798
2016-01-29,143.99118121241258
2016-02-01,146.40818667072975
2016-02-02,149.84243944909778
2016-02-03,154.51617733071924
2016-02-04,152.46938208524867
2016-02-05,150.55692118984288
2016-02-08,150.7402303754734
2016-02-09,157.77414921409004
2016-02-10,159.53461359078884
2016-02-11,163.90572523213348
2016-02-12,159.25074900872093
2016-02-15,153.03649853466257
2016-02-16,159.44553421044725
2016-02-17,154.54209747461707
2016-02-18,156.82168561613238
2016-02-19,162.08488951372763
2016-02-22,163.37942998528956
2016-02-23,163.62728681346132
2016-02-24,171.1340046392011
2016-02-25,170.7771405554596
2016-02-26,167.422625779658
2016-02-29,162.83445800317782
2016-03-01,163.92583988073048
2016-03-02,161.89705332577728
2016-03-03,161.98876328673734
2016-03-04,160.472427471359
2016-03-07,160.85019230359538
2016-03-08,160.3227111975445
2016-03-09,160.8875050807288
2016-03-10,162.85852854039845
2016-03-11,157.65827174169848
2016-03-14,155.7995994728399
2016-03-15,159.1289019068154
2016-03-16,162.7386138689845
2016-03-17,160.50841013662068
2016-03-18,157.44160911819174
2016-03-21,156.3809551260072
2016-03-22,157.1709642773217
2016-03-23,160.48097016995845
2016-03-24,163.65275699752675
2016-03-25,163.65275699752675
2016-03-28,164.16627975984525
2016-03-29,169.61913479001342
2016-03-30,167.06169402261108
2016-03-31,168.87022760651843
2016-04-01,170.6204209291488
2016-04-04,170.82398478790478
2016-04-05,175.2521389109914
2016-04-06,174.32432302325864
2016-04-07,174.71342140372684
2016-04-08,172.5376295729685
2016-04-11,169.81811336502318
2016-04-12,166.59665547622498
2016-04-13,159.5739419414406
2016-04-14,156.4358217174529
2016-04-15,158.4614161727248
2016-04-18,157.39337843828713
2016-04-19,153.71498696406303
2016-04-20,149.5019660806364
2016-04-21,147.56070990872084
2016-04-22,147.72828442282338
2016-04-25,152.61665444234484
2016-04-26,150.13446126148997
2016-04-27,149.52309785464846
2016-04-28,147.79211897392653
2016-04-29,147.94999626170468
2016-05-02,152.41913687392034
2016-05-03,155.95450773536322
2016-05-04,156.16733942673557
2016-05-05,156.5088547230985
2016-05-06,158.57345019482545
2016-05-09,161.0804087104854
2016-05-10,160.77338532594408
2016-05-11,168.3049926541307
2016-05-12,170.1875420642237
2016-05-13,170.57129478367975
2016-05-16,171.87968928522557
2016-05-17,168.22304195768223
2016-05-18,166.39281286284546
2016-05-19,166.26919695537657
2016-05-20,167.9139479506861
2016-05-23,170.38515118624287
2016-05-24,170.4081503745507
2016-05-25,164.44973718468498
2016-05-26,163.16863919647813
2016-05-27,164.53590282512772
2016-05-30,163.8660681518351
2016-05-31,166.44020557853148
2016-06-01,167.7273421968709
2016-06-02,165.75191556298702
2016-06-03,168.25315212180308
2016-06-06,167.64769990707296
2016-06-07,166.6157879983499
2016-06-08,168.8357769202685
2016-06-09,171.2646074372579
2016-06-10,175.4110734989118
2016-06-13,177.04285156227405
2016-06-14,182.466872675066
2016-06-15,180.64918549719803
2016-06-16,182.96556999074522
2016-06-17,178.57575810862593
2016-06-20,174.66921911804198
2016-06-21,175.35868336601553
2016-06-22,174.82696572229602
2016-06-23,173.36413938370742
2016-06-24,185.6837762470476
2016-06-27,186.92156218514518
2016-06-28,184.5327834074417
2016-06-29,184.2943042098153
2016-06-30,186.77596024453302
2016-07-01,182.7495029839418
2016-07-04,184.40254768221286
2016-07-05,186.80060353014778
2016-07-06,189.7248746331506
2016-07-07,188.66473340408814
2016-07-08,187.46983121603765
2016-07-11,183.8578107536141
2016-07-12,179.05371784908044
2016-07-13,178.77753011702154
2016-07-14,175.7619649672414
2016-07-15,174.8167172059879
2016-07-18,175.38961664257423
2016-07-19,177.2488478449248
2016-07-20,176.82046997771343
2016-07-21,173.56638929711542
2016-07-22,177.7138809471073
2016-07-25,179.06845070060817
2016-07-26,175.54654552293212
2016-07-27,170.40949333786423
2016-07-28,173.52102173856096
2016-07-29,176.70884297828957
2016-08-01,180.02675480179514
2016-08-02,184.68518456649895
2016-08-03,187.20642300674507
2016-08-04,184.5278727505893
2016-08-05,183.48736035428004
2016-08-08,181.50664038974878
2016-08-09,180.23623065371723
2016-08-10,181.01056102542307
2016-08-11,180.8539679668939
2016-08-12,180.59345717116085
2016-08-15,180.41316187898684
2016-08-16,174.82147442620737
2016-08-17,177.16120224546364
2016-08-18,187.09358933077775
2016-08-19,193.48477693793703
2016-08-22,192.33981537728005
2016-08-23,190.10737075363272
2016-08-24,187.30669099685517
2016-08-25,189.9690498827796
2016-08-26,188.32895131575418
2016-08-29,190.26601368083436
2016-08-30,187.5751875545075
2016-08-31,185.9963943771932
2016-09-01,186.91157870647953
2016-09-02,190.55491731070197
2016-09-05,190.047758633078
2016-09-06,187.34731321489983
2016-09-07,185.97960328534313
2016-09-08,181.02380665633243
2016-09-09,175.42862305675
2016-09-12,182.21459496975274
2016-09-13,183.82405426352577
2016-09-14,184.5104547507276
2016-09-15,187.9563711778146
2016-09-16,188.8520031144131
2016-09-19,189.63320791336872
2016-09-20,190.5441681822363
2016-09-21,189.9248453958805
2016-09-22,187.1159583383336
2016-09-23,187.97645849854126
2016-09-26,189.72025696363124
2016-09-27,193.6610062834553
2016-09-28,192.4779291547351
2016-09-29,188.4546312026425
2016-09-30,191.55733582199557
2016-10-03,187.98351609962958
2016-10-04,184.2022364928352
2016-10-05,181.23634484959672
2016-10-06,180.31193178007038
2016-10-07,180.23642605707016
2016-10-10,180.95325420820018
2016-10-11,178.53821264929604
2016-10-12,180.39592469780604
2016-10-13,184.75229697672341
2016-10-14,183.1300486064912
2016-10-17,181.81889201813496
2016-10-18,180.7127651975952
2016-10-19,178.61550675661286
2016-10-20,176.79160187635858
2016-10-21,179.74472052797518
2016-10-24,177.42228922976312
2016-10-25,174.07271875698476
2016-10-26,170.13039361370954
2016-10-27,170.20148501231924
2016-10-28,172.80287911043277
2016-10-31,174.51328529695132
2016-11-01,170.96720570550116
2016-11-02,173.46325287109093
2016-11-03,174.22304838010203
2016-11-04,171.5226684733058
2016-11-07,172.90958346048578
2016-11-08,173.969752999237
2016-11-09,169.92098106054283
2016-11-10,166.1905471800547
2016-11-11,170.4502344450215
2016-11-14,166.3372678844139
2016-11-15,168.38331057052446
2016-11-16,172.12062848044792
2016-11-17,178.67312475730478
2016-11-18,178.76702696790846
2016-11-21,179.44669667362265
2016-11-22,174.94225064839432
2016-11-23,175.5300849959746
2016-11-24,174.6260174190343
2016-11-25,176.72936388497496
2016-11-28,177.5873042377182
2016-11-29,177.49207085887284
2016-11-30,172.03998930950647
2016-12-01,163.9657423803965
2016-12-02,168.05447559615018
2016-12-05,167.05956538820448
2016-12-06,164.9526032435221
2016-12-07,164.4566673971272
2016-12-08,162.05826573039914
2016-12-09,164.11526843908126
2016-12-12,162.4848684074031
2016-12-13,160.77362424129117
2016-12-14,161.5552333604514
2016-12-15,160.60829627803534
2016-12-16,158.031118594878
2016-12-19,160.84970191389363
2016-12-20,160.01397550846647
2016-12-21,158.32616858516022
2016-12-22,157.40203094139332
2016-12-23,157.67788254222188
2016-12-26,157.67788254222188
2016-12-27,159.6392940132952
2016-12-28,157.18516010428672
2016-12-29,157.6816507439244
2016-12-30,155.28877820521788
2017-01-02,154.33543976739585
2017-01-03,152.7609925345331
2017-01-04,154.53115749770225
2017-01-05,151.54632509092295
2017-01-06,150.8243374451447
2017-01-09,151.50755215283425
2017-01-10,150.20144651626086
2017-01-11,153.16953127455704
2017-01-12,155.25954963198961
2017-01-13,153.0960641011959
2017-01-16,154.3392910843179
2017-01-17,153.8616842193548
2017-01-18,154.37549481325894
2017-01-19,152.01579472127574
2017-01-20,152.91186879074715
2017-01-23,153.80646802916533
2017-01-24,154.79355919759337
2017-01-25,154.00286544598725
2017-01-26,153.15779854492095
2017-01-27,154.4358273560678
2017-01-30,157.4257628317871
2017-01-31,158.76570570319342
2017-02-01,159.28268527695354
2017-02-02,164.1280521772353
2017-02-03,163.29544125086073
2017-02-06,165.04680929506307
2017-02-07,167.13730525849576
2017-02-08,167.68230677301344
2017-02-09,167.77345258839503
2017-02-10,171.0205748391231
2017-02-13,168.96954107392617
2017-02-14,168.25598081065158
2017-02-15,168.7813839228585
2017-02-16,172.1095580402214
2017-02-17,173.93480126837224
2017-02-20,173.57411971009512
2017-02-21,173.94975878111302
2017-02-22,174.23543661979025
2017-02-23,175.1575104337422
2017-02-24,178.8827160111286
2017-02-27,177.28271335470595
2017-02-28,175.11322822727217
2017-03-01,173.48501309790873
2017-03-02,172.1941599576812
2017-03-03,170.89629025641966
2017-03-06,171.0469719837858
2017-03-07,172.62475983259532
2017-03-08,173.41094629540032
2017-03-09,172.31275509097784
2017-03-10,171.78074590521098
2017-03-13,173.82255018685663
2017-03-14,175.4282062884423
2017-03-15,176.1615024248842
2017-03-16,173.7588269058232
2017-03-17,172.6600666179027
2017-03-20,173.79687134281124
2017-03-21,173.89089082877433
2017-03-22,175.24620304912762
2017-03-23,174.28033808898536
2017-03-24,175.31199584544962
2017-03-27,175.55672197043313
2017-03-28,172.76355753398465
2017-03-29,173.84240149842236
2017-03-30,173.10289977297995
2017-03-31,173.8616923171261
2017-04-03,175.50910940780733
2017-04-04,173.82765662921759
2017-04-05,173.66273264836735
2017-04-06,172.71030676348008
2017-04-07,172.7049431261451
2017-04-10,173.08770066908266
2017-04-11,175.6688490127661
2017-04-12,175.61217761082474
2017-04-13,175.6881266426103
2017-04-14,175.6881266426103
2017-04-17,178.24059217066625
2017-04-18,182.1089951615709
2017-04-19,181.2834443502884
2017-04-20,181.70110910316754
2017-04-21,180.5879589704124
2017-04-24,175.20472091986034
2017-04-25,170.10679491583304
2017-04-26,169.96647032381978
2017-04-27,172.60157511957166
2017-04-28,180.47886026441032
2017-05-01,180.66205367698063
2017-05-02,181.35396166686797
2017-05-03,180.6246403917313
2017-05-04,182.86000175336991
2017-05-05,178.5427561860374
2017-05-08,179.22720638194144
2017-05-09,179.92970638416
2017-05-10,188.29494699812946
2017-05-11,189.2313719441536
2017-05-12,189.3634450007667
2017-05-15,192.45368610369783
2017-05-16,192.89998344965932
2017-05-17,190.1736345144552
2017-05-18,192.74069970969572
2017-05-19,191.1434077101238
2017-05-22,194.95776588407216
2017-05-23,192.49180528512193
2017-05-24,196.0144321208208
2017-05-25,201.91352979902288
2017-05-26,201.0120949700365
2017-05-29,200.9245248921926
2017-05-30,205.16310984144621
2017-05-31,208.23999654409312
2017-06-01,206.77656559667088
2017-06-02,209.05826473551548
2017-06-05,209.22039556725304
2017-06-06,208.9302186710438
2017-06-07,211.1923574156408
2017-06-08,211.9993111203084
2017-06-09,205.74232954301308
2017-06-12,201.19813287681768
2017-06-13,201.18620421505912
2017-06-14,201.93079313298236
2017-06-15,204.68799044453326
2017-06-16,206.1077685858182
2017-06-19,208.03770100436992
2017-06-20,207.6452906643713
2017-06-21,208.10025033128184
2017-06-22,208.22122060896427
2017-06-23,211.67903279958279
2017-06-26,212.77786470880534
2017-06-27,208.28550633074553
2017-06-28,208.82565952829964
2017-06-29,207.09886177148897
2017-06-30,209.040619916068
2017-07-03,202.97804580306246
2017-07-04,203.19231229760368
2017-07-05,206.34400491730798
2017-07-06,202.79299464990748
2017-07-07,207.0464893632
2017-07-10,207.72933947057442
2017-07-11,208.57887055036778
2017-07-12,211.24098950560548
2017-07-13,209.7801314801414
2017-07-14,214.60578281104165
2017-07-17,217.69783143411118
2017-07-18,221.67121594080635
2017-07-19,225.1264602649128
2017-07-20,225.99959521868837
2017-07-21,229.67465645062217
2017-07-24,231.6181977127319
2017-07-25,232.17723305156423
2017-07-26,233.14661759488632
2017-07-27,233.13805087630337
2017-07-28,240.63312459614437
2017-07-31,237.67941730466868
2017-08-01,236.85746012580952
2017-08-02,237.64450974043208
2017-08-03,238.25915838378322
2017-08-04,233.56236981359484
2017-08-07,236.30167497685918
2017-08-08,235.0883767984361
2017-08-09,239.35587258617707
2017-08-10,238.74271713428902
2017-08-11,243.88072788418467
2017-08-14,244.98052640266258
2017-08-15,247.0015950078501
2017-08-16,248.29172499924312
2017-08-17,240.06350183757797
2017-08-18,240.65345590192732
2017-08-21,241.65369178851768
2017-08-22,243.66389520940015
2017-08-23,244.32246881558746
2017-08-24,244.81476842673806
2017-08-25,242.10464711454173
2017-08-28,247.5999644377304
2017-08-29,249.91530873239114
2017-08-30,249.3774793678617
2017-08-31,250.27497022547473
2017-09-01,245.98119069936575
2017-09-04,247.5389104977261
2017-09-05,246.4748129999059
2017-09-06,246.26049770227345
2017-09-07,249.84064039736194
2017-09-08,251.2012168576229
2017-09-11,249.20756155272383
2017-09-12,247.07373412307666
2017-09-13,244.83696971205117
2017-09-14,247.25360956342755
2017-09-15,250.35285304844436
2017-09-18,250.55411358323911
2017-09-19,252.65199800726083
2017-09-20,253.3349653008055
2017-09-21,250.95015157046012
2017-09-22,253.0649486780386
2017-09-25,249.52473411706376
2017-09-26,252.36681918129904
2017-09-27,251.61499198162102
2017-09-28,252.1870564445608
2017-09-29,254.1782542576201
2017-10-02,255.4757011326098
2017-10-03,256.6793374069507
2017-10-04,259.48924156632387
2017-10-05,256.38464649842246
2017-10-06,259.0095319330152
2017-10-09,260.59682686830433
2017-10-10,257.5191924670151
2017-10-11,257.18813010704366
2017-10-12,259.985428411861
2017-10-13,261.13016505544357
2017-10-16,262.3527016001789
2017-10-17,261.25389480989094
2017-10-18,259.77745835903096
2017-10-19,261.80067031804504
2017-10-20,264.5103574543155
2017-10-23,266.97312699357246
2017-10-24,264.8073376981062
2017-10-25,265.21685441126033
2017-10-26,269.2641391146405
2017-10-27,287.51190383381424
2017-10-30,283.66306433382437
2017-10-31,285.7148676974483
2017-11-01,278.77673530704357
2017-11-02,279.2834461048427
2017-11-03,283.9148985498436
2017-11-06,288.9849456473769
2017-11-07,289.20156349142815
2017-11-08,296.7211123109828
2017-11-09,296.90032784064755
2017-11-10,299.6518795596345
2017-11-13,304.5074333985644
2017-11-14,308.3819522664672
2017-11-15,303.07877002532217
2017-11-16,322.6700324014374
2017-11-17,317.55154054765205
2017-11-20,323.47090689652237
2017-11-21,324.5449402144499
2017-11-22,323.7785026171553
2017-11-23,323.61740187432554
2017-11-24,326.5526161909237
2017-11-27,330.68784203414054
2017-11-28,331.891104651428
2017-11-29,313.99113930817424
2017-11-30,319.032584544422
2017-12-01,319.87180637694
2017-12-04,293.64783841211266
2017-12-05,300.18591200358486
2017-12-06,306.5675990017976
2017-12-07,312.1171208243372
2017-12-08,308.56109594966154
2017-12-11,309.70218218973264
2017-12-12,307.76504501540376
2017-12-13,303.12149967820864
2017-12-14,305.961794474082
2017-12-15,309.98821337621445
2017-12-18,305.2896361728146
2017-12-19,305.2368287575068
2017-12-20,306.23380205189295
2017-12-21,290.05301293113314
2017-12-22,291.7214325397639
2017-12-25,291.7214325397639
2017-12-26,290.1399955553236
2017-12-27,293.9091007273841
2017-12-28,296.51458847913085
2017-12-29,295.5392106827326
2018-01-01,295.5392106827326
2018-01-02,289.87511177714975
2018-01-03,295.1811377127981
2018-01-04,293.4592885591741
2018-01-05,302.91065071925544
2018-01-08,308.4613504413937
2018-01-09,305.90987673381295
2018-01-10,302.5628733394119
2018-01-11,303.66782843913114
2018-01-12,307.1339752574871
2018-01-15,306.9947487374101
2018-01-16,306.22114765523975
2018-01-17,315.83811275058065
2018-01-18,316.6313955142864
2018-01-19,316.5230611467064
2018-01-22,312.5148264093941
2018-01-23,316.8549077180649
2018-01-24,314.2899905913412
2018-01-25,312.55751047559875
2018-01-26,317.05054851941503
2018-01-29,309.3025906791929
2018-01-30,311.140972017999
2018-01-31,320.2007119068644
2018-02-01,313.78941191911457
2018-02-02,311.93187230537666
2018-02-05,298.4671187262635
2018-02-06,306.07586929148897
2018-02-07,295.939108540833
2018-02-08,285.745126749878
2018-02-09,304.66460502919296
2018-02-12,308.0146520189834
2018-02-13,309.7324378412061
2018-02-14,320.2997487352636
2018-02-15,318.34419911908554
2018-02-16,318.1799422469506
2018-02-19,318.07507530175906
2018-02-20,318.5920955645829
2018-02-21,314.57299149474085
2018-02-22,314.82183670814317
2018-02-23,324.2385472154608
2018-02-26,323.89763241538395
2018-02-27,319.8875134153984
2018-02-28,318.97937254421
2018-03-01,314.86604987239264
2018-03-02,329.5950121397033
2018-03-05,333.37796753192043
2018-03-06,330.49328985095127
2018-03-07,335.5433409150106
2018-03-08,338.255255701416
2018-03-09,340.99399480817976
2018-03-12,337.2150016153025
2018-03-13,337.41674567117497
2018-03-14,343.6147908273731
2018-03-15,347.5565686231717
2018-03-16,340.9831381902573
2018-03-19,339.62402139119865
2018-03-20,340.83810458317356
2018-03-21,341.5647683586763
2018-03-22,338.424542034663
2018-03-23,334.26003367418645
2018-03-26,349.5697845164502
2018-03-27,329.3661229447182
2018-03-28,325.3607476994885
2018-03-29,332.58408553379235
2018-03-30,332.58408553379235
2018-04-02,321.6350787608539
2018-04-03,327.6493517483757
2018-04-04,332.7777755762243
2018-04-05,329.35802384436994
2018-04-06,326.8879294201241
2018-04-09,330.2405824109966
2018-04-10,336.3031323823672
2018-04-11,337.42163780828446
2018-04-12,344.1113809764333
2018-04-13,343.34519559185617
2018-04-16,350.8194291743609
2018-04-17,356.3869123378579
2018-04-18,355.0549217083551
2018-04-19,339.6501089130608
2018-04-20,334.23869958320904
2018-04-23,329.23907932754423
2018-04-24,331.8932623520481
2018-04-25,334.203752431196
2018-04-26,346.3153101586063
2018-04-27,337.7152616619313
2018-04-30,333.4746637645288
2018-05-01,338.6307670392905
2018-05-02,334.40284566374874
2018-05-03,344.90579988203683
2018-05-04,352.47972052384114
2018-05-07,352.8851819996649
2018-05-08,354.0840715448536
2018-05-09,363.3933899818262
2018-05-10,371.75960252156636
2018-05-11,375.8008752518509
2018-05-14,373.76545610538625
2018-05-15,367.77676439591244
2018-05-16,369.627739405984
2018-05-17,370.9580686002044
2018-05-18,379.6772431981152
2018-05-21,384.2528224366198
2018-05-22,376.2284452075238
2018-05-23,387.16267569570795
2018-05-24,394.23393685799937
2018-05-25,397.6177013523184
2018-05-28,401.8575191859003
2018-05-29,416.33490481349077
2018-05-30,418.84104713827446
2018-05-31,426.12111201944225
2018-06-01,427.57560406386114
2018-06-04,434.4593589108028
2018-06-05,447.99884566189326
2018-06-06,448.27627262136895
2018-06-07,441.6392867178915
2018-06-08,451.5136835378774
2018-06-11,446.4135590936773
2018-06-12,453.0863144455096
2018-06-13,462.76083328746046
2018-06-14,465.4183927302482
2018-06-15,475.985393042726
2018-06-18,487.0426928350991
2018-06-19,485.2442399712882
2018-06-20,484.5729671551579
2018-06-21,487.07544249688425
2018-06-22,470.06327672936334
2018-06-25,476.2208250340251
2018-06-26,484.3743068414064
2018-06-27,471.6770944989834
2018-06-28,481.42529339659865
2018-06-29,478.91267823550567
2018-07-02,492.1795525222331
2018-07-03,480.9715896142044
2018-07-04,478.18828341705125
2018-07-05,479.53036393805405
2018-07-06,484.7878712534328
2018-07-09,480.96771806565056
2018-07-10,482.7736424084723
2018-07-11,496.43834223435186
2018-07-12,511.0393891388183
2018-07-13,511.3956361031764
2018-07-16,508.8492645506569
2018-07-17,517.7008544777505
2018-07-18,513.5416677994394
2018-07-19,512.8663103859978
2018-07-20,520.728419302724
2018-07-23,517.8907434387763
2018-07-24,499.7207169688745
2018-07-25,519.9827105446595
2018-07-26,499.42887809627155
2018-07-27,477.299070798951
2018-07-30,451.9274671226967
2018-07-31,456.78074287695586
2018-08-01,462.3007289785317
2018-08-02,483.45223877691467
2018-08-03,485.42808758800896
2018-08-06,489.6692032536531
2018-08-07,478.9166773179628
2018-08-08,484.7667554612403
2018-08-09,486.0200030049601
2018-08-10,499.2131276564354
2018-08-13,500.78269760645594
2018-08-14,513.9404603109163
2018-08-15,511.73209332102044
2018-08-16,502.5865842589826
2018-08-17,506.97090603975056
2018-08-20,504.21971155434545
2018-08-21,496.8287428755535
2018-08-22,503.1998059257467
2018-08-23,509.8010609945761
2018-08-24,513.7992615887717
2018-08-27,517.1026083082318
2018-08-28,520.5956935950607
2018-08-29,523.557576132641
2018-08-30,517.0209552898177
2018-08-31,519.4150841558175
2018-09-03,518.553913656171
2018-09-04,524.8363801257796
2018-09-05,509.45128228814525
2018-09-06,519.2156116926566
2018-09-07,521.4868085940179
2018-09-10,524.004363033923
2018-09-11,531.3675996247608
2018-09-12,526.3720881099749
2018-09-13,526.4540729879262
2018-09-14,530.007714565582
2018-09-17,511.30395913530316
2018-09-18,516.0268291388323
2018-09-19,495.719826497401
2018-09-20,494.26327817479853
2018-09-21,498.3385446480189
2018-09-24,503.22899918760476
2018-09-25,507.6425024292253
2018-09-26,502.42325263666186
2018-09-27,501.9247377142435
2018-09-28,519.851881230202
2018-10-01,512.9733742508129
2018-10-02,502.1962887968145
2018-10-03,499.9622854762113
2018-10-04,482.5974079182665
2018-10-05,484.0173475493345
2018-10-08,468.6354490397853
2018-10-09,460.35673998660366
2018-10-10,434.3502035752551
2018-10-11,435.2047000794557
2018-10-12,455.63690418200054
2018-10-15,443.43472712272103
2018-10-16,456.8408097852648
2018-10-17,460.7731902641863
2018-10-18,456.2477594658927
2018-10-19,448.29658937267106
2018-10-22,461.65525535641734
2018-10-23,478.95122483861485
2018-10-24,461.9170286124881
2018-10-25,434.2556967740383
2018-10-26,431.1522155758332
2018-10-29,405.26802696700565
2018-10-30,423.8146117292936
2018-10-31,413.61790758857813
2018-11-01,416.36746166113267
2018-11-02,437.2309836404082
2018-11-05,433.19291487933015
2018-11-06,431.1193020601684
2018-11-07,442.96570101807345
2018-11-08,452.69417124177966
2018-11-09,448.9370886734057
2018-11-12,430.4541258451542
2018-11-13,424.25685097659107
2018-11-14,420.68015567610524
2018-11-15,418.66606632977687
2018-11-16,422.6990514037749
2018-11-19,387.0760251228455
2018-11-20,400.8251798720335
2018-11-21,396.40013379582695
2018-11-22,401.4156256364933
2018-11-23,403.60346056823334
2018-11-26,405.5668630084742
2018-11-27,401.86711622096925
2018-11-28,421.8060376021554
2018-11-29,411.59201401917375
2018-11-30,408.13901568603364
2018-12-03,412.01110060973065
2018-12-04,400.63940529858644
2018-12-05,404.9835245160455
2018-12-06,426.6803432096286
2018-12-07,405.8860501967776
2018-12-10,426.14075576620553
2018-12-11,420.06245289552976
2018-12-12,412.3066830746195
2018-12-13,402.8458051092366
2018-12-14,398.15705071608426
2018-12-17,391.3220981635696
2018-12-18,405.6392747183349
2018-12-19,393.30216260781685
2018-12-20,394.5166279701212
2018-12-21,392.39710769311284
2018-12-24,386.9330952715514
2018-12-25,386.9330952715514
2018-12-26,411.5653643445468
2018-12-27,425.26993495369686
2018-12-28,412.6641242010564
2018-12-31,413.73040084501037
2019-01-01,413.73040084501037
2019-01-02,412.141164975759
2019-01-03,387.55067601898946
2019-01-04,388.684689896214
2019-01-07,392.0538499753467
2019-01-08,396.59646296263674
2019-01-09,398.1273711370033
2019-01-10,406.47662985743267
2019-01-11,405.30416151276745
2019-01-14,400.1291845387628
2019-01-15,404.51419017731826
2019-01-16,407.4384429267578
2019-01-17,417.08745972263154
2019-01-18,421.12927374122654
2019-01-21,421.71579580247345
2019-01-22,421.65570670427076
2019-01-23,417.90627869726444
2019-01-24,422.16876588643134
2019-01-25,420.9648805011637
2019-01-28,419.1622344451521
2019-01-29,410.51501427624953
2019-01-30,423.2912447683107
2019-01-31,440.9959513755153
2019-02-01,441.7542616240702
2019-02-04,451.17498333817036
2019-02-05,452.14742767813965
2019-02-06,433.5943626650027
2019-02-07,450.677787888051
2019-02-08,480.41768742612044
2019-02-11,473.7178203437465
2019-02-12,489.64981118604766
2019-02-13,481.24812054163283
2019-02-14,482.86715007157727
2019-02-15,477.4310289818048
2019-02-18,476.22783205492317
2019-02-19,472.60162070664853
2019-02-20,470.77964125978804
2019-02-21,470.73955889878636
2019-02-22,475.9981272357337
2019-02-25,475.74060935166165
2019-02-26,481.57772209013433
2019-02-27,470.0394033546821
2019-02-28,463.9378410706595
2019-03-01,474.50580747973214
2019-03-04,465.1495839545605
2019-03-05,454.84431029923303
2019-03-06,447.69003996200144
2019-03-07,467.5233003576112
2019-03-08,475.96841666315237
2019-03-11,483.85574602737364
2019-03-12,493.53439325641614
2019-03-13,489.544435612283
2019-03-14,489.81030193283385
2019-03-15,492.7663013692388
2019-03-18,487.2371348901509
2019-03-19,485.9274518202158
2019-03-20,498.4186114502691
2019-03-21,533.4335422747863
2019-03-22,529.8607823658732
2019-03-25,533.0171439490886
2019-03-26,541.4153260834925
2019-03-27,527.9369032001028
2019-03-28,540.8059607662897
2019-03-29,544.3052836986369
2019-04-01,539.6267299409516
2019-04-02,542.1368260370411
2019-04-03,536.4229679496577
2019-04-04,522.3652066811594
2019-04-05,530.4745890958848
2019-04-08,530.4783937716384
2019-04-09,531.9128062584182
2019-04-10,542.6047469812349
2019-04-11,546.3911696207348
2019-04-12,544.2018249789568
2019-04-15,538.0222780769584
2019-04-16,525.9603998177257
2019-04-17,507.72323489991936
2019-04-18,511.8979123183138
2019-04-19,511.8979123183138
2019-04-22,518.0881578064887
2019-04-23,535.3168584545361
2019-04-24,542.6971927057642
2019-04-25,542.6834148062386
2019-04-26,569.0155912126856
2019-04-29,563.4199546804698
2019-04-30,571.5568696061176
2019-05-01,564.4206150349204
2019-05-02,573.5619366525774
2019-05-03,571.6069033170251
2019-05-06,579.1798177699482
2019-05-07,582.6915755541141
2019-05-08,584.5421277341792
2019-05-09,594.2018498829314
2019-05-10,600.2139331658367
2019-05-13,590.4862406252483
2019-05-14,603.1151542319526
2019-05-15,612.9708475744238
2019-05-16,620.6906000071034
2019-05-17,619.4218628346465
2019-05-20,608.8552153475395
2019-05-21,614.6998840524616
2019-05-22,611.3387542957352
2019-05-23,595.9605146677865
2019-05-24,597.8346997766317
2019-05-27,595.8166267811405
2019-05-28,594.1430084677984
2019-05-29,600.5528802934251
2019-05-30,598.3817124923531
2019-05-31,600.3519112136149
2019-06-03,583.6456341380051
2019-06-04,593.533217254143
2019-06-05,618.1415242428141
2019-06-06,631.2236978072917
2019-06-07,636.0405849956944
2019-06-10,634.359068945228
2019-06-11,624.0414394121294
2019-06-12,634.8399722073904
2019-06-13,627.069680017516
2019-06-14,624.7415227743993
2019-06-17,601.8529314566829
2019-06-18,598.3933107802366
2019-06-19,609.0553899989021
2019-06-20,618.9728571824578
2019-06-21,608.4472554299148
2019-06-24,618.2206241545314
2019-06-25,608.8304746017095
2019-06-26,592.3921930901546
2019-06-27,595.4590438404524
2019-06-28,601.4155147742483
2019-07-01,604.4388787164893
2019-07-02,614.032727306693
2019-07-03,608.3267469354374
2019-07-04,603.1387479643001
2019-07-05,593.3281316397656
2019-07-08,591.6742269113389
2019-07-09,593.9347015562704
2019-07-10,604.5340796912951
2019-07-11,600.9254946632514
2019-07-12,598.0037333363897
2019-07-15,595.7050244091778
2019-07-16,573.3679496783056
2019-07-17,580.6762654251661
2019-07-18,578.6075547369376
2019-07-19,573.490839457454
2019-07-22,567.898450393329
2019-07-23,556.9478228688869
2019-07-24,564.236653770342
2019-07-25,522.089117983739
2019-07-26,527.9585824764309
2019-07-29,527.0674445641588
2019-07-30,543.142257728655
2019-07-31,553.8249796994841
2019-08-01,552.7475390347191
2019-08-02,523.5120012691553
2019-08-05,501.83293236002544
2019-08-06,516.3130335548715
2019-08-07,520.2701832289007
2019-08-08,526.7257852246287
2019-08-09,519.6824957378128
2019-08-12,520.4622054192531
2019-08-13,524.6668898019864
2019-08-14,513.7257728771611
2019-08-15,526.338214184241
2019-08-16,521.3046222474815
2019-08-19,516.7131062308678
2019-08-20,519.9099476233165
2019-08-21,524.0873690740299
2019-08-22,523.3941214292535
2019-08-23,515.0511083590769
2019-08-26,522.3460922719828
2019-08-27,522.5054115280152
2019-08-28,521.7387434936064
2019-08-29,525.872699498102
2019-08-30,524.4150862880101
2019-09-02,525.6052918491837
2019-09-03,525.5065909260576
2019-09-04,528.8332196400878
2019-09-05,526.6745605114481
2019-09-06,526.6375358340116
2019-09-09,514.01896118847
2019-09-10,496.7477506354495
2019-09-11,489.14390404211656
2019-09-12,486.79859818740374
2019-09-13,474.69250082175
2019-09-16,483.45252454593106
2019-09-17,493.6248877430717
2019-09-18,488.5109818770399
2019-09-19,485.79114778800897
2019-09-20,487.6428011663122
2019-09-23,497.04028560919767
2019-09-24,493.45151558310795
2019-09-25,499.66140138778206
2019-09-26,499.33841285289157
2019-09-27,485.10996996715306
2019-09-30,487.7361376581948
2019-10-01,489.8625887640385
2019-10-02,489.0203082260038
2019-10-03,500.464899587964
2019-10-04,505.19975711877004
2019-10-07,498.8672290185093
2019-10-08,496.47798316680667
2019-10-09,506.1352689299296
2019-10-10,492.31474836056674
2019-10-11,487.23912044529567
2019-10-14,495.6557979563856
2019-10-15,495.7013809925007
2019-10-16,495.57121794250963
2019-10-17,499.9120194142624
2019-10-18,496.4050572614391
2019-10-21,490.55040846192946
2019-10-22,477.4558817768859
2019-10-23,485.2963423777754
2019-10-24,514.950642909145
2019-10-25,511.78634625528196
2019-10-28,517.0219075400557
2019-10-29,517.0669799069874
2019-10-30,533.2780723503308
2019-10-31,533.0524220410543
2019-11-01,524.8255574117194
2019-11-04,521.2059335829034
2019-11-05,520.768271418527
2019-11-06,517.2680136215074
2019-11-07,511.02029888720676
2019-11-08,513.2527789891979
2019-11-11,513.4362158814433
2019-11-12,513.5873020166863
2019-11-13,523.3937455468244
2019-11-14,537.1159471821478
2019-11-15,536.3194333111688
2019-11-18,549.4986676691528
2019-11-19,554.5613184717474
2019-11-20,548.1958907044146
2019-11-21,542.7254715770496
2019-11-22,536.2995390740147
2019-11-25,535.5076975028492
2019-11-26,540.9729023599092
2019-11-27,544.4198332062738
2019-11-28,546.0736061387822
2019-11-29,546.8948903152717
2019-12-02,537.4109266045859
2019-12-03,541.9628077277629
2019-12-04,533.3043593836397
2019-12-05,534.9696486308765
2019-12-06,537.0016986031676
2019-12-09,532.7477611181538
2019-12-10,532.7134517921219
2019-12-11,538.5342199223736
2019-12-12,530.0733128531725
2019-12-13,532.1875294633955
2019-12-16,530.4073711928581
2019-12-17,531.8816936487611
2019-12-18,534.1444899594861
2019-12-19,533.794728652911
2019-12-20,532.0653007716203
2019-12-23,537.5749681755215
2019-12-24,538.3536694571868
2019-12-25,538.3536694571868
2019-12-26,539.9885000317236
2019-12-27,539.6987578243131
2019-12-30,539.3701052037823
2019-12-31,544.3796755381379
2020-01-01,544.3796755381379
2020-01-02,538.6954805116562
2020-01-03,544.4416815180441
2020-01-06,554.6359864088001
2020-01-07,549.0492166443296
2020-01-08,557.657399173503
2020-01-09,569.9026141780621
2020-01-10,567.9581070090674
2020-01-13,579.1762808323228
2020-01-14,569.257629455974
2020-01-15,571.9482992360853
2020-01-16,585.9701287030529
2020-01-17,576.4231108810397
2020-01-20,576.8724858299222
2020-01-21,577.1133756057528
2020-01-22,587.0096090326385
2020-01-23,590.7379025033597
2020-01-24,585.9839760769923
2020-01-27,582.4192201394479
2020-01-28,578.338834964981
2020-01-29,568.8212510203164
2020-01-30,573.4702900941674
2020-01-31,564.6921715784185
2020-02-03,553.8893254689764
2020-02-04,552.4702353092861
2020-02-05,554.4137665114873
2020-02-06,556.3282913144071
2020-02-07,536.8165360570729
2020-02-10,543.6965684648975
2020-02-11,544.7107928804795
2020-02-12,554.1331859231104
2020-02-13,545.5359196190769
2020-02-14,547.2971893281305
2020-02-17,542.8779585352293
2020-02-18,541.8406162550356
2020-02-19,544.1584276773668
2020-02-20,541.9291228025661
2020-02-21,527.4473983468623
2020-02-24,526.1668618206629
2020-02-25,519.1392675250922
2020-02-26,524.0529740578457
2020-02-27,526.9360151642294
2020-02-28,535.5703345324112
2020-03-02,560.935318155246
2020-03-03,542.2740746637786
2020-03-04,572.8626118026802
2020-03-05,569.533238522154
2020-03-06,578.4261292395453
2020-03-09,605.7572539055435
2020-03-10,651.3169287422609
2020-03-11,615.8554214437393
2020-03-12,645.5709492107418
2020-03-13,710.0623471171285
2020-03-16,696.7858023181794
2020-03-17,723.6974080707599
2020-03-18,721.9619331340333
2020-03-19,661.0417260880454
2020-03-20,613.1048561017905
2020-03-23,617.5775871737695
2020-03-24,623.5856420058183
2020-03-25,585.7061103642474
2020-03-26,646.270845225271
2020-03-27,646.4241351088308
2020-03-30,708.0084023647024
2020-03-31,680.0011012966347
2020-04-01,686.0481085275873
2020-04-02,692.2121663123977
2020-04-03,691.7740673967245
2020-04-06,711.3493449359138
2020-04-07,679.6683653578484
2020-04-08,701.5958281344066
2020-04-09,714.2957945537653
2020-04-10,714.2957945537653
2020-04-13,707.776675725599
2020-04-14,742.7257139872074
2020-04-15,754.0707849233917
2020-04-16,786.7068903909568
2020-04-17,765.4801260982958
2020-04-20,768.3830947572415
2020-04-21,769.8747153337358
2020-04-22,788.1783899931037
2020-04-23,769.3706063589248
2020-04-24,807.4152545746593
2020-04-27,785.1263476847246
2020-04-28,749.0240535232275
2020-04-29,753.4547126600334
2020-04-30,776.8293515438305
2020-05-01,741.3623869646183
2020-05-04,778.6239005457369
2020-05-05,771.5233322651616
2020-05-06,797.164679628776
2020-05-07,780.211753531806
2020-05-08,772.2236220200316
2020-05-11,795.9320592467615
2020-05-12,775.3107901989197
2020-05-13,808.3766595548082
2020-05-14,823.5488313607026
2020-05-15,825.2044360002855
2020-05-18,803.3851992303269
2020-05-19,834.5880152790493
2020-05-20,853.4951944866042
2020-05-21,837.0507634451537
2020-05-22,848.8574674436873
2020-05-25,832.0450455722515
2020-05-26,775.5053151508857
2020-05-27,760.2051461717355
2020-05-28,778.4832901114005
2020-05-29,816.588907645738
2020-06-01,787.5422794563364
2020-06-02,778.671307525128
2020-06-03,734.0464468153897
2020-06-04,711.8467475259827
2020-06-05,698.7608577037287
