Date,Beta
2012-04-19,100.0
2012-04-20,100.37564230406954
2012-04-23,100.67574835796312
2012-04-24,100.51025871699706
2012-04-25,100.73021454807125
2012-04-26,100.30962685633234
2012-04-27,98.80025347981542
2012-04-30,99.0397397472415
2012-05-01,99.23741074020292
2012-05-02,99.79232371116281
2012-05-03,99.99431042181898
2012-05-04,100.42008651340194
2012-05-07,100.32339431446519
2012-05-08,100.49959789569085
2012-05-09,101.38391180038163
2012-05-10,101.13308541479509
2012-05-11,101.65402322773905
2012-05-14,102.03589515940158
2012-05-15,102.847106532962
2012-05-16,103.9013434278092
2012-05-17,104.06293243513409
2012-05-18,103.93517772310405
2012-05-21,103.8933243661294
2012-05-22,102.96916753239569
2012-05-23,103.5295976789725
2012-05-24,104.02874636278625
2012-05-25,104.05227316755496
2012-05-28,104.13641105500925
2012-05-29,103.73795645251509
2012-05-30,103.97179297102743
2012-05-31,104.45055170218785
2012-06-01,105.05831112544739
2012-06-04,105.31431239838474
2012-06-05,104.6751123525283
2012-06-06,104.47205515044462
2012-06-07,104.46307940143807
2012-06-08,104.98257507286488
2012-06-11,105.52132594137406
2012-06-12,105.3798482858251
2012-06-13,105.85999432619414
2012-06-14,106.5434101004618
2012-06-15,105.3448275426377
2012-06-18,105.6260392933653
2012-06-19,104.7651576768599
2012-06-20,103.81552103519144
2012-06-21,104.44725694610204
2012-06-22,103.2188070869319
2012-06-25,104.35295224521141
2012-06-26,104.57845893442867
2012-06-27,104.32698000476208
2012-06-28,104.90808626810731
2012-06-29,104.56606987960329
2012-07-02,104.36006926711003
2012-07-03,104.63207449941095
2012-07-04,104.25695853979052
2012-07-05,104.61342460795551
2012-07-06,105.17241344925496
2012-07-09,105.41383420041862
2012-07-10,105.5037219262118
2012-07-11,105.46810275578699
2012-07-12,105.2611937017601
2012-07-13,104.59912315771923
2012-07-16,104.3749166999423
2012-07-17,104.57648554516794
2012-07-18,103.94010364419971
2012-07-19,102.97914044962104
2012-07-20,104.18250341829973
2012-07-23,103.95620611596316
2012-07-24,103.86881952032584
2012-07-25,103.0079540037314
2012-07-26,102.4979898646627
2012-07-27,103.38235530034154
2012-07-30,103.90620541832422
2012-07-31,103.9052705770024
2012-08-01,104.92997115044149
2012-08-02,105.73830561970136
2012-08-03,104.30565022321305
2012-08-06,103.99660073006606
2012-08-07,103.37635040283627
2012-08-08,103.40804304699918
2012-08-09,103.25467355820876
2012-08-10,103.05958851933134
2012-08-13,102.97623783215538
2012-08-14,102.92590792462181
2012-08-15,103.30633863960406
2012-08-16,102.7574444135828
2012-08-17,102.3576983235897
2012-08-20,102.38004883123163
2012-08-21,102.2314256732951
2012-08-22,101.82958251571095
2012-08-23,101.77510710614811
2012-08-24,102.05807855584166
2012-08-27,102.05134250414243
2012-08-28,102.05711520623849
2012-08-29,101.90705899474119
2012-08-30,102.32497813687453
2012-08-31,101.69994671769642
2012-09-03,101.83072454479945
2012-09-04,101.7623739432521
2012-09-05,102.18811906791609
2012-09-06,101.6300010032609
2012-09-07,101.22870569790108
2012-09-10,101.13426659821577
2012-09-11,100.4890441556196
2012-09-12,99.92365210011407
2012-09-13,99.84155149426469
2012-09-14,99.1172642322396
2012-09-17,99.39143875703189
2012-09-18,100.2463335429496
2012-09-19,100.48297618733207
2012-09-20,100.96040731108623
2012-09-21,100.81684430777
2012-09-24,101.0884237531861
2012-09-25,101.45008509811804
2012-09-26,101.9088920872417
2012-09-27,101.06687694662418
2012-09-28,101.15089191333692
2012-10-01,100.70719912287603
2012-10-02,100.9097210387247
2012-10-03,101.13448904017656
2012-10-04,100.98896983871109
2012-10-05,100.73084639634467
2012-10-08,101.13230298870201
2012-10-09,101.0371517291582
2012-10-10,101.4256829073255
2012-10-11,101.26181043856398
2012-10-12,101.69672387377291
2012-10-15,101.4390080743627
2012-10-16,100.76692399362602
2012-10-17,100.31470577172244
2012-10-18,99.96231876920972
2012-10-19,100.33602186374665
2012-10-22,100.12593223809512
2012-10-23,100.08902949430143
2012-10-24,100.79385538781685
2012-10-25,100.62291242674156
2012-10-26,101.11080848117291
2012-10-29,101.21884652699359
2012-10-30,101.0436708800237
2012-10-31,100.56460626396593
2012-11-01,99.81142591231723
2012-11-02,100.03896006222666
2012-11-05,99.93514071422591
2012-11-06,99.89930037160268
2012-11-07,99.96311179283727
2012-11-08,100.43198930788851
2012-11-09,100.68438383286606
2012-11-12,100.71987057456298
2012-11-13,101.17496732577817
2012-11-14,101.45734982787172
2012-11-15,101.37887767989038
2012-11-16,101.97107948586998
2012-11-19,101.37069528927667
2012-11-20,101.45388794401204
2012-11-21,101.71503919308519
2012-11-22,101.83304408286516
2012-11-23,101.35638987581504
2012-11-26,101.41618195327241
2012-11-27,101.3918463125459
2012-11-28,100.87542565254323
2012-11-29,100.74634768339088
2012-11-30,100.83820482183495
2012-12-03,100.96957068246422
2012-12-04,101.06082372429765
2012-12-05,100.69272432378538
2012-12-06,101.28981624818509
2012-12-07,101.46099439741462
2012-12-10,101.68252936308585
2012-12-11,100.78386516818833
2012-12-12,100.96202763167773
2012-12-13,101.53031981041872
2012-12-14,100.92199551608319
2012-12-17,100.25038239899784
2012-12-18,99.78762450199892
2012-12-19,100.47792016799167
2012-12-20,100.23403341104408
2012-12-21,100.38775223456364
2012-12-24,100.36892881329806
2012-12-25,100.36892881329806
2012-12-26,100.26680942200433
2012-12-27,100.0180365745505
2012-12-28,100.14549787394425
2012-12-31,99.83482650835225
2013-01-01,99.83482650835225
2013-01-02,99.513877769487
2013-01-03,98.70194989134484
2013-01-04,98.66979552795827
2013-01-07,98.60704369314041
2013-01-08,98.71679967913533
2013-01-09,98.70336043538624
2013-01-10,98.49915943889103
2013-01-11,98.38411484877452
2013-01-14,98.55701740398358
2013-01-15,99.00288734514737
2013-01-16,99.01842812438039
2013-01-17,98.80244939190301
2013-01-18,99.0512492562931
2013-01-21,99.37444788425876
2013-01-22,99.97958337026128
2013-01-23,100.25353914732007
2013-01-24,100.58542505239808
2013-01-25,100.6312143903327
2013-01-28,100.59411527559263
2013-01-29,100.64726917678685
2013-01-30,100.98128032498883
2013-01-31,100.42621694463097
2013-02-01,100.15812864121565
2013-02-04,100.72958262457145
2013-02-05,100.95204644729537
2013-02-06,100.94930083563659
2013-02-07,101.33053921257202
2013-02-08,101.20188875294467
2013-02-11,100.72766954911968
2013-02-12,100.52438561515082
2013-02-13,100.47122991843437
2013-02-14,100.42207491521056
2013-02-15,101.04453814210912
2013-02-18,100.93446558828997
2013-02-19,101.5621487432338
2013-02-20,102.209884019068
2013-02-21,102.45020610531765
2013-02-22,102.52594864659201
2013-02-25,102.58706233755616
2013-02-26,102.81320522084566
2013-02-27,102.98558373794114
2013-02-28,103.5498472020891
2013-03-01,103.14189208491952
2013-03-04,103.27859716668405
2013-03-05,103.05690385900132
2013-03-06,103.19783814354405
2013-03-07,103.69732013709391
2013-03-08,103.42628033269595
2013-03-11,103.55644172440057
2013-03-12,104.20811457753156
2013-03-13,104.45046728419209
2013-03-14,103.42018804933632
2013-03-15,104.02996784336518
2013-03-18,104.31434793300335
2013-03-19,104.68930965077634
2013-03-20,104.31436107451471
2013-03-21,104.46569000480024
2013-03-22,103.53969768187771
2013-03-25,104.15632622029439
2013-03-26,103.87943345519098
2013-03-27,104.31778682698534
2013-03-28,104.82845972566561
2013-03-29,104.82845972566561
2013-04-01,105.17711945401751
2013-04-02,105.58586448125531
2013-04-03,106.23736155813616
2013-04-04,105.65994891901727
2013-04-05,104.81344774849289
2013-04-08,104.80625284264978
2013-04-09,103.96918565328994
2013-04-10,103.65624662077987
2013-04-11,103.34542935310925
2013-04-12,103.63091618552686
2013-04-15,104.21850743143942
2013-04-16,104.3386114198281
2013-04-17,104.9210078338982
2013-04-18,105.65912829916503
2013-04-19,106.70182019657736
2013-04-22,106.33139483718148
2013-04-23,107.14496996720511
2013-04-24,106.8231887482657
2013-04-25,105.61449991244571
2013-04-26,105.34071024418789
2013-04-29,105.2002173448914
2013-04-30,105.30707371717968
2013-05-01,105.6698740083284
2013-05-02,105.40017796025361
2013-05-03,104.90784611294475
2013-05-06,105.17786347875833
2013-05-07,104.66823673623958
2013-05-08,104.31851253566734
2013-05-09,104.34363551266051
2013-05-10,103.844342947109
2013-05-13,103.87377017527928
2013-05-14,103.65451083105322
2013-05-15,103.54697257422565
2013-05-16,103.73557092115627
2013-05-17,103.36579253621535
2013-05-20,103.57467828943281
2013-05-21,103.55368455689313
2013-05-22,103.58393632860077
2013-05-23,104.28614889570878
2013-05-24,103.93237063713215
2013-05-27,104.04409052151371
2013-05-28,104.44355122702008
2013-05-29,103.77355049973713
2013-05-30,103.15602650838314
2013-05-31,102.94190371214668
2013-06-03,102.71452349424116
2013-06-04,102.37196691672654
2013-06-05,102.08046335561555
2013-06-06,102.4358149787053
2013-06-07,102.49247142942815
2013-06-10,102.74099742086293
2013-06-11,102.57460118527524
2013-06-12,103.07759103231666
2013-06-13,102.69344368439299
2013-06-14,102.76767852587459
2013-06-17,103.13769666734912
2013-06-18,103.0148156324132
2013-06-19,103.5838853779628
2013-06-20,103.72767790839256
2013-06-21,104.25241720562705
2013-06-24,104.58057719287187
2013-06-25,104.18731431250364
2013-06-26,104.68620559076764
2013-06-27,104.93020378074485
2013-06-28,105.3038983152588
2013-07-01,105.67709530692497
2013-07-02,105.93351369029322
2013-07-03,105.79879323134998
2013-07-04,106.59304731324966
2013-07-05,106.25049143192139
2013-07-08,106.59485689803458
2013-07-09,106.47259011348993
2013-07-10,106.3966031240134
2013-07-11,105.870164443606
2013-07-12,105.76691924490643
2013-07-15,105.7207334307989
2013-07-16,105.49150023185801
2013-07-17,105.06753517568508
2013-07-18,106.17279712273069
2013-07-19,106.54732378951147
2013-07-22,105.96077437272152
2013-07-23,105.53786141328636
2013-07-24,105.35131572144275
2013-07-25,105.74689566213172
2013-07-26,105.53478384935713
2013-07-29,105.37243068651998
2013-07-30,105.67594621349946
2013-07-31,106.66443409978149
2013-08-01,106.30173315103835
2013-08-02,106.20742722193167
2013-08-05,106.54308135971922
2013-08-06,107.59332091465687
2013-08-07,107.36183434387911
2013-08-08,107.00495530695784
2013-08-09,106.87177286528018
2013-08-12,106.16163034274145
2013-08-13,106.13682080640815
2013-08-14,106.05081170793208
2013-08-15,105.96353549724215
2013-08-16,105.55921847221101
2013-08-19,105.70424452870428
2013-08-20,105.90575067972803
2013-08-21,106.39413452341994
2013-08-22,106.19045748136342
2013-08-23,106.1043271378941
2013-08-26,106.30566194364509
2013-08-27,106.5895827692953
2013-08-28,106.32280341014808
2013-08-29,106.3635861277926
2013-08-30,106.78144095739799
2013-09-02,106.83000675280879
2013-09-03,106.48092162961373
2013-09-04,106.03525251799739
2013-09-05,105.22876480441298
2013-09-06,105.09952516077256
2013-09-09,104.82039070590103
2013-09-10,104.20747786215192
2013-09-11,103.74855448294909
2013-09-12,103.26500368922568
2013-09-13,103.42642232016298
2013-09-16,103.52498754666848
2013-09-17,103.49239648131572
2013-09-18,103.54291851449815
2013-09-19,104.28255272381915
2013-09-20,104.72452296384455
2013-09-23,104.82606664022305
2013-09-24,104.66326662001424
2013-09-25,104.49000989198434
2013-09-26,104.3673801136304
2013-09-27,104.10177185742498
2013-09-30,104.34922996813327
2013-10-01,103.93363865055329
2013-10-02,103.88574006723441
2013-10-03,103.36247816859908
2013-10-04,102.97522368728717
2013-10-07,102.85962143404953
2013-10-08,102.53587416637595
2013-10-09,101.68344508221996
2013-10-10,101.15261073853762
2013-10-11,101.44430699856873
2013-10-14,101.54062960943293
2013-10-15,102.04183131284103
2013-10-16,101.64378189586729
2013-10-17,102.1868813400118
2013-10-18,101.91700889295356
2013-10-21,101.39964780861808
2013-10-22,101.95242628491053
2013-10-23,102.73565571031631
2013-10-24,102.69672272216256
2013-10-25,103.2493441916051
2013-10-28,103.60976361456213
2013-10-29,103.4253962616886
2013-10-30,103.00390260371415
2013-10-31,103.22412475805417
2013-11-01,103.09043221241522
2013-11-04,103.22347785558298
2013-11-05,103.64814604915624
2013-11-06,103.06733487069022
2013-11-07,103.3332059337529
2013-11-08,102.94658537984569
2013-11-11,102.90177211310615
2013-11-12,103.12248512900712
2013-11-13,102.91172053133256
2013-11-14,103.45322446325517
2013-11-15,103.330400723772
2013-11-18,102.94597467890384
2013-11-19,103.31037465124301
2013-11-20,103.7910763831666
2013-11-21,103.68559638625086
2013-11-22,103.76081658862631
2013-11-25,104.20200857733576
2013-11-26,103.87029324732727
2013-11-27,104.03890682476008
2013-11-28,103.86230732561678
2013-11-29,103.8049072548497
2013-12-02,103.80254272752926
2013-12-03,103.90209046943815
2013-12-04,103.48926483701916
2013-12-05,103.41177265896981
2013-12-06,103.62682330147959
2013-12-09,103.50227434096564
2013-12-10,103.27406816703464
2013-12-11,103.7335573203325
2013-12-12,103.99548285143631
2013-12-13,104.12666741105566
2013-12-16,104.13750311172845
2013-12-17,104.42133532536343
2013-12-18,104.28575040663628
2013-12-19,104.41136018178187
2013-12-20,104.6604599801748
2013-12-23,104.18544552854452
2013-12-24,104.16757995112091
2013-12-25,104.16757995112091
2013-12-26,104.17067942861605
2013-12-27,103.97138623550173
2013-12-30,103.63355569945833
2013-12-31,103.70876338664011
2014-01-01,103.70876338664011
2014-01-02,104.42156635420633
2014-01-03,104.67120601176684
2014-01-06,104.40506507177673
2014-01-07,103.89283788189749
2014-01-08,103.52601359725435
2014-01-09,103.65848087237585
2014-01-10,103.35022686369722
2014-01-13,103.35286227107211
2014-01-14,103.60919094898495
2014-01-15,102.51587804347223
2014-01-16,102.55163130856833
2014-01-17,102.5597932646142
2014-01-20,102.87457121939288
2014-01-21,103.592467688935
2014-01-22,103.68297597385488
2014-01-23,103.85523554393922
2014-01-24,103.75279312608752
2014-01-27,103.46926262744256
2014-01-28,103.00679467801079
2014-01-29,102.81003697043533
2014-01-30,102.90596417724967
2014-01-31,101.78069050114382
2014-02-03,103.35774241590347
2014-02-04,103.04352439211341
2014-02-05,103.16392323755743
2014-02-06,101.95411228837229
2014-02-07,101.93894601468546
2014-02-10,102.29510923526138
2014-02-11,102.3277411505037
2014-02-12,101.81486013820394
2014-02-13,101.55582228790992
2014-02-14,101.35537315829473
2014-02-17,101.63493650277475
2014-02-18,101.35575550932897
2014-02-19,101.27198262527938
2014-02-20,101.28514311925717
2014-02-21,100.94395089854066
2014-02-24,101.50614460345997
2014-02-25,102.00246406676854
2014-02-26,102.60725782588786
2014-02-27,102.84021190878877
2014-02-28,103.67712796672298
2014-03-03,103.92927085778226
2014-03-04,104.0696780438036
2014-03-05,103.48093240277512
2014-03-06,102.29994152239462
2014-03-07,101.98060579680983
2014-03-10,102.08146953024668
2014-03-11,102.51775923431978
2014-03-12,102.60951683473867
2014-03-13,102.74485980971092
2014-03-14,102.73480064166701
2014-03-17,102.12690835554655
2014-03-18,102.05868882354568
2014-03-19,102.21991460455602
2014-03-20,101.54151662234888
2014-03-21,101.97351546130334
2014-03-24,102.07463874803034
2014-03-25,102.05850067448705
2014-03-26,102.04980324355742
2014-03-27,101.48715883968715
2014-03-28,100.8848021690066
2014-03-31,100.22556153740592
2014-04-01,99.91893721663419
2014-04-02,99.73173565924674
2014-04-03,99.21693175119488
2014-04-04,99.61131823959543
2014-04-07,99.97744187326109
2014-04-08,99.48449355661828
2014-04-09,99.40076310467181
2014-04-10,99.37554630325613
2014-04-11,99.52568333128498
2014-04-14,99.80113167829323
2014-04-15,100.27562226030342
2014-04-16,100.15159591253811
2014-04-17,100.67977944003196
2014-04-18,100.67977944003196
2014-04-21,100.47960830304812
2014-04-22,100.51832929259385
2014-04-23,100.71922310327946
2014-04-24,101.45510878615224
2014-04-25,102.10025159283649
2014-04-28,102.75496125585714
2014-04-29,102.39272308236144
2014-04-30,102.12186037434982
2014-05-01,102.46826832380846
2014-05-02,102.68861958284899
2014-05-05,103.10035328976798
2014-05-06,103.13515316221076
2014-05-07,103.25972987321852
2014-05-08,102.92965342087659
2014-05-09,103.44170677566161
2014-05-12,103.45385283936366
2014-05-13,104.31751914865657
2014-05-14,104.93082331225638
2014-05-15,105.45390840791892
2014-05-16,105.41474529877749
2014-05-19,104.69919169774722
2014-05-20,104.34860545375543
2014-05-21,104.51895699923526
2014-05-22,104.22794997673381
2014-05-23,103.69335878627689
2014-05-26,103.27602095023306
2014-05-27,103.3449094062979
2014-05-28,103.25492042739566
2014-05-29,103.37071254932444
2014-05-30,103.19950729815722
2014-06-02,103.36396821026266
2014-06-03,103.1261721131037
2014-06-04,102.73913648682586
2014-06-05,102.44043761921662
2014-06-06,102.41817179296882
2014-06-09,102.21142790842177
2014-06-10,102.69297948285279
2014-06-11,103.34822312322223
2014-06-12,103.3434469429835
2014-06-13,103.21082876670452
2014-06-16,103.02127473034946
2014-06-17,103.06440798605128
2014-06-18,103.02714123109178
2014-06-19,103.05323178969263
2014-06-20,103.41777570870772
2014-06-23,103.03361043459017
2014-06-24,103.36169693262056
2014-06-25,103.59841755527673
2014-06-26,103.97543410837132
2014-06-27,103.93023960094357
2014-06-30,103.74009888507263
2014-07-01,103.77586708588852
2014-07-02,104.03310286168617
2014-07-03,104.0582106230224
2014-07-04,104.83530593741405
2014-07-07,105.44093610597844
2014-07-08,105.8024041536644
2014-07-09,105.77246932498413
2014-07-10,105.73028107780534
2014-07-11,105.84510393068501
2014-07-14,106.00874771218398
2014-07-15,105.80872733829415
2014-07-16,105.62843889736067
2014-07-17,105.76578441953046
2014-07-18,105.54812690892794
2014-07-21,105.4724193538011
2014-07-22,105.75191658435024
2014-07-23,105.81173627482185
2014-07-24,105.52379584880403
2014-07-25,105.18624943173485
2014-07-28,105.62456657154945
2014-07-29,105.72434540569698
2014-07-30,105.68150227734829
2014-07-31,105.80284336227818
2014-08-01,106.18674370648442
2014-08-04,106.25631207715841
2014-08-05,106.55482605448667
2014-08-06,106.62664751286174
2014-08-07,107.47946731468274
2014-08-08,106.8476639638934
2014-08-11,106.67030576307158
2014-08-12,106.99464178703403
2014-08-13,107.16434583640348
2014-08-14,107.48328727016279
2014-08-15,107.75668353339942
2014-08-18,107.92521401432249
2014-08-19,107.78673062689028
2014-08-20,107.53845270279531
2014-08-21,107.36932617552944
2014-08-22,107.09006321714918
2014-08-25,106.82228322302922
2014-08-26,107.43170914932494
2014-08-27,107.18264973470261
2014-08-28,107.83431298763949
2014-08-29,107.37217583549587
2014-09-01,107.6681744388968
2014-09-02,107.50761843867548
2014-09-03,107.00244449174394
2014-09-04,107.17112244912137
2014-09-05,106.96537040118592
2014-09-08,106.68849441700655
2014-09-09,106.93042769437204
2014-09-10,106.73287890318343
2014-09-11,106.41658690550175
2014-09-12,106.87669742607197
2014-09-15,106.93842041453183
2014-09-16,106.77732545600922
2014-09-17,106.19229220045621
2014-09-18,105.72788151964554
2014-09-19,105.69985029388909
2014-09-22,105.94142984862613
2014-09-23,105.49462085122094
2014-09-24,105.82069700596156
2014-09-25,106.41582275069436
2014-09-26,105.70222301351234
2014-09-29,106.41475141400865
2014-09-30,106.149529753891
2014-10-01,106.51886763832981
2014-10-02,105.93677882218783
2014-10-03,106.02814761226958
2014-10-06,105.79432330254258
2014-10-07,105.85471026886478
2014-10-08,105.82164585888354
2014-10-09,105.98983758124808
2014-10-10,106.70373351347608
2014-10-13,106.97349935872856
2014-10-14,106.46658675215859
2014-10-15,106.84361144180082
2014-10-16,106.27114573295248
2014-10-17,106.42817416895242
2014-10-20,106.26070589155897
2014-10-21,106.43442213952433
2014-10-22,106.76316759236494
2014-10-23,107.31662037219387
2014-10-24,105.8036788112419
2014-10-27,106.03348010028766
2014-10-28,106.1032373378423
2014-10-29,106.86952261267132
2014-10-30,107.0920851283286
2014-10-31,106.67899719476337
2014-11-03,106.35413258130725
2014-11-04,106.74491507944387
2014-11-05,106.61966457256538
2014-11-06,106.46646866662195
2014-11-07,106.31644240589749
2014-11-10,106.07622452372689
2014-11-11,106.59220775994241
2014-11-12,106.88165015007311
2014-11-13,107.56851079785962
2014-11-14,107.60504231811426
2014-11-17,107.2766440390635
2014-11-18,106.97667799792646
2014-11-19,107.5735478566186
2014-11-20,107.65619128906428
2014-11-21,107.01447432018252
2014-11-24,107.13441582517018
2014-11-25,107.21927822821976
2014-11-26,106.82771032854859
2014-11-27,106.52257485574226
2014-11-28,106.30887864829036
2014-12-01,106.36726897800382
2014-12-02,106.29735958212746
2014-12-03,106.01897210296194
2014-12-04,106.04915135289454
2014-12-05,105.39446707346362
2014-12-08,105.41414235647736
2014-12-09,105.75452533250014
2014-12-10,105.39491246697015
2014-12-11,105.0078858753603
2014-12-12,105.2740288020818
2014-12-15,105.63968308120086
2014-12-16,105.44611876428846
2014-12-17,105.59936217937674
2014-12-18,105.17840708443482
2014-12-19,105.62226267214301
2014-12-22,105.50457018077105
2014-12-23,105.24233142449812
2014-12-24,105.15645335805183
2014-12-25,105.15645335805183
2014-12-26,105.19027756985771
2014-12-29,105.68184479640912
2014-12-30,105.78871565277133
2014-12-31,105.83002392235494
2015-01-01,105.83002392235494
2015-01-02,105.47955279321097
2015-01-05,105.83766299538081
2015-01-06,105.97656176462937
2015-01-07,106.22089712123719
2015-01-08,106.23938012094037
2015-01-09,105.98265311903232
2015-01-12,105.86789106611464
2015-01-13,105.90434937953633
2015-01-14,106.04635704682198
2015-01-15,107.07903809286728
2015-01-16,107.26769252729844
2015-01-19,107.62364934122803
2015-01-20,107.49074912676976
2015-01-21,108.14838806449436
2015-01-22,107.56458627137481
2015-01-23,108.8936732625437
2015-01-26,108.72674270293372
2015-01-27,109.22632022558837
2015-01-28,109.29131490015689
2015-01-29,108.69895644896579
2015-01-30,109.04576367265285
2015-02-02,109.08399270860357
2015-02-03,108.53284767881077
2015-02-04,108.40759612399093
2015-02-05,108.52066290720518
2015-02-06,107.98234850034835
2015-02-09,108.2786762554986
2015-02-10,107.35383324522407
2015-02-11,107.45300739283694
2015-02-12,106.594467279627
2015-02-13,106.11602686190705
2015-02-16,105.78398898249662
2015-02-17,106.10435563297558
2015-02-18,106.01020621731371
2015-02-19,106.07104008225551
2015-02-20,106.32098999549588
2015-02-23,106.65471586530794
2015-02-24,106.36863398888735
2015-02-25,106.04792671739462
2015-02-26,106.17461031936958
2015-02-27,106.46920414611733
2015-03-02,106.05867484064218
2015-03-03,106.03932062506647
2015-03-04,106.06397721323893
2015-03-05,106.18993016890464
2015-03-06,105.69669075733933
2015-03-09,105.61889507427885
2015-03-10,105.28518434618071
2015-03-11,105.29411165995243
2015-03-12,106.279249453198
2015-03-13,106.36185740460883
2015-03-16,106.07743204022164
2015-03-17,106.29988182025119
2015-03-18,106.67134016564697
2015-03-19,106.78691034263888
2015-03-20,106.60411977836179
2015-03-23,106.76895300368858
2015-03-24,106.53637152064982
2015-03-25,106.83459090303816
2015-03-26,106.86668167182219
2015-03-27,106.7319302643189
2015-03-30,106.23906288039362
2015-03-31,105.8850750363724
2015-04-01,105.78441843732287
2015-04-02,105.32325727369198
2015-04-03,105.32325727369198
2015-04-06,105.30110725215698
2015-04-07,105.6032312255072
2015-04-08,105.40346857877698
2015-04-09,105.33556183365364
2015-04-10,105.48124837171359
2015-04-13,105.15353332116645
2015-04-14,105.31291329824259
2015-04-15,105.2765901350907
2015-04-16,105.75977160176188
2015-04-17,106.01805839644491
2015-04-20,105.91570159510862
2015-04-21,106.56398274943692
2015-04-22,106.14471893698793
2015-04-23,106.40757679286433
2015-04-24,107.36551314688202
2015-04-27,106.51797776623351
2015-04-28,106.6110614394586
2015-04-29,106.14141634339705
2015-04-30,104.81919214141769
2015-05-01,104.31471532387829
2015-05-04,103.98555667274181
2015-05-05,104.3404520051842
2015-05-06,104.5549068577167
2015-05-07,103.69294221709627
2015-05-08,104.49675642657317
2015-05-11,104.8614626938746
2015-05-12,105.28105909783807
2015-05-13,104.90591038777148
2015-05-14,104.88098341440266
2015-05-15,104.71565593596695
2015-05-18,104.92721984829706
2015-05-19,104.58008836117378
2015-05-20,104.32644300992915
2015-05-21,104.20980295682872
2015-05-22,104.03939787094205
2015-05-25,104.11874151345718
2015-05-26,103.82886262104783
2015-05-27,103.74562130126455
2015-05-28,104.21268242771653
2015-05-29,104.54928700807245
2015-06-01,104.27081438840142
2015-06-02,103.80622168845314
2015-06-03,104.51228939046523
2015-06-04,104.42671794984983
2015-06-05,104.65505308265351
2015-06-08,105.11574962006311
2015-06-09,104.61713253041698
2015-06-10,104.45553056565933
2015-06-11,104.62347958913607
2015-06-12,104.51076377342389
2015-06-15,104.7668791744064
2015-06-16,104.4188391341989
2015-06-17,104.50396976814004
2015-06-18,104.2357716698944
2015-06-19,104.10570732061723
2015-06-22,103.81456701614574
2015-06-23,104.30734395051334
2015-06-24,104.26589455480045
2015-06-25,103.99452239779743
2015-06-26,103.50633616184437
2015-06-29,104.24827271384885
2015-06-30,104.01163315035699
2015-07-01,103.80196934061853
2015-07-02,103.49973400827189
2015-07-03,103.20626666871979
2015-07-06,103.78765148058841
2015-07-07,103.81838264856626
2015-07-08,104.17364887250267
2015-07-09,104.77393719241108
2015-07-10,104.58463902521096
2015-07-13,104.49778329795052
2015-07-14,104.52801758590613
2015-07-15,105.09852803847262
2015-07-16,104.86076312878104
2015-07-17,105.12080828780056
2015-07-20,104.93653039314282
2015-07-21,105.18749950604465
2015-07-22,105.06354911433952
2015-07-23,104.50197418086763
2015-07-24,104.96554418953097
2015-07-27,105.31791705753473
2015-07-28,104.95939861235979
2015-07-29,104.7112748172677
2015-07-30,104.93116345961577
2015-07-31,105.27938465460879
2015-08-03,105.3320732760005
2015-08-04,105.6194822363705
2015-08-05,105.98708182762724
2015-08-06,106.4588680122052
2015-08-07,106.11232678523017
2015-08-10,105.03827999414942
2015-08-11,105.13754957840675
2015-08-12,105.39976434655208
2015-08-13,105.35388399876157
2015-08-14,105.13506879703411
2015-08-17,105.349037791699
2015-08-18,105.7432596731474
2015-08-19,105.71901684234663
2015-08-20,106.3948683347032
2015-08-21,106.48139856874539
2015-08-24,106.00893545710706
2015-08-25,106.16512151609787
2015-08-26,104.77347600247496
2015-08-27,105.6077709619402
2015-08-28,105.85855917095923
2015-08-31,106.1904271119498
2015-09-01,106.34215725625211
2015-09-02,106.28284627663726
2015-09-03,106.41956815702393
2015-09-04,106.30080388581054
2015-09-07,106.18404250256552
2015-09-08,105.47448534713364
2015-09-09,106.2647762659822
2015-09-10,106.31613265309386
2015-09-11,106.23658720081708
2015-09-14,106.03876224774208
2015-09-15,106.07199720915203
2015-09-16,106.76060790203239
2015-09-17,106.65918388756408
2015-09-18,108.04317665154105
2015-09-21,108.26541333381948
2015-09-22,108.02574427264686
2015-09-23,108.53677758075095
2015-09-24,108.20314656939192
2015-09-25,108.1018356381961
2015-09-28,107.96518830574558
2015-09-29,107.87228042803552
2015-09-30,107.86672719961071
2015-10-01,108.61732921231292
2015-10-02,109.01774912901779
2015-10-05,108.58136462081993
2015-10-06,108.55532425255647
2015-10-07,108.74975743532173
2015-10-08,108.46065523218282
2015-10-09,108.15878639182613
2015-10-12,107.48134542107417
2015-10-13,107.89942842235803
2015-10-14,107.56329250094758
2015-10-15,106.83299039280797
2015-10-16,106.6189859665558
2015-10-19,106.8068293101824
2015-10-20,106.35835486002802
2015-10-21,106.4958022411131
2015-10-22,104.43427999772622
2015-10-23,105.16203941331982
2015-10-26,105.30559410469029
2015-10-27,106.48201558623397
2015-10-28,106.56828360390534
2015-10-29,107.7770201440486
2015-10-30,107.19928263176898
2015-11-02,107.44457651277192
2015-11-03,107.12308222336414
2015-11-04,107.70086522311844
2015-11-05,108.13171527463163
2015-11-06,107.39866553076976
2015-11-09,107.92562308967314
2015-11-10,107.89896522101475
2015-11-11,108.21749632349048
2015-11-12,108.91159850424592
2015-11-13,108.98329847047448
2015-11-16,109.32128320313983
2015-11-17,109.4912586057116
2015-11-18,108.6020683044795
2015-11-19,108.84793804497548
2015-11-20,109.22211481462308
2015-11-23,109.41923956833799
2015-11-24,109.54043239485225
2015-11-25,109.37926375072696
2015-11-26,109.5263668744104
2015-11-27,109.39978157107643
2015-11-30,108.7916985059455
2015-12-01,108.08477612745823
2015-12-02,108.60592304758877
2015-12-03,108.3652810720498
2015-12-04,108.02321565181707
2015-12-07,108.7481774237695
2015-12-08,109.05477450464151
2015-12-09,109.10965368150396
2015-12-10,109.06161102766659
2015-12-11,109.75155526456821
2015-12-14,109.60238259763419
2015-12-15,109.8186280818153
2015-12-16,109.30041528228544
2015-12-17,109.57146758623986
2015-12-18,109.54364502084006
2015-12-21,108.92254097452258
2015-12-22,108.73745656606931
2015-12-23,109.28273639065578
2015-12-24,109.24702703679584
2015-12-25,109.24702703679584
2015-12-28,109.87676047915267
2015-12-29,110.15322864597131
2015-12-30,110.05479626797253
2015-12-31,109.71299379744494
2016-01-01,109.71299379744494
2016-01-04,109.93660899952619
2016-01-05,109.9274883282259
2016-01-06,109.84497423071271
2016-01-07,109.77018218686969
2016-01-08,110.26376697988229
2016-01-11,109.0983156493959
2016-01-12,108.74395571913517
2016-01-13,109.17166702457851
2016-01-14,109.44445251193359
2016-01-15,109.4031565977497
2016-01-18,109.40905249097644
2016-01-19,109.73655820814301
2016-01-20,110.32352481817361
2016-01-21,109.75418528432239
2016-01-22,109.98874993048334
2016-01-25,110.02862657227233
2016-01-26,110.13116533956077
2016-01-27,110.03313795005643
2016-01-28,110.4899747351244
2016-01-29,110.00208598906276
2016-02-01,109.87867814547812
2016-02-02,109.7711422114114
2016-02-03,109.38590576311978
2016-02-04,109.313012897122
2016-02-05,109.84259375511718
2016-02-08,110.1573944339154
2016-02-09,111.18189824607241
2016-02-10,111.64709751694
2016-02-11,113.1601616977243
2016-02-12,112.36066708451395
2016-02-15,112.80852241909764
2016-02-16,112.28686285100291
2016-02-17,112.94358123693476
2016-02-18,112.53681874067298
2016-02-19,112.82885692542105
2016-02-22,112.29395496523121
2016-02-23,112.70403122074599
2016-02-24,112.19597375467247
2016-02-25,112.3329351500735
2016-02-26,112.42578248358811
2016-02-29,112.87944886808481
2016-03-01,112.2564341904597
2016-03-02,111.57447230656618
2016-03-03,111.33688001035551
2016-03-04,111.52748526600045
2016-03-07,111.07287585642369
2016-03-08,111.62312350906384
2016-03-09,111.89575107286807
2016-03-10,111.5697029945595
2016-03-11,110.74303951138882
2016-03-14,110.56634764254576
2016-03-15,110.036416904051
2016-03-16,109.99724283726773
2016-03-17,109.2943942302427
2016-03-18,109.06050960636371
2016-03-21,108.86966062773291
2016-03-22,108.93565095549117
2016-03-23,109.66891765745873
2016-03-24,109.57845514079474
2016-03-25,109.57845514079474
2016-03-28,109.62381436913779
2016-03-29,109.56291526015795
2016-03-30,109.38624296572347
2016-03-31,108.8688207123724
2016-04-01,108.74742333503582
2016-04-04,109.25101399444881
2016-04-05,109.9270043595018
2016-04-06,110.74211871024445
2016-04-07,111.50129935848342
2016-04-08,111.08804722587969
2016-04-11,110.8977762359218
2016-04-12,110.55953994645019
2016-04-13,109.67557476325604
2016-04-14,109.11183933944045
2016-04-15,108.99598405067499
2016-04-18,109.38735940094143
2016-04-19,109.77037276687906
2016-04-20,109.56016575662576
2016-04-21,109.68271676725831
2016-04-22,109.71485904751326
2016-04-25,110.08661813810255
2016-04-26,109.28548865707357
2016-04-27,108.62854817637046
2016-04-28,108.6719437746043
2016-04-29,109.15560506647009
2016-05-02,109.18673693255315
2016-05-03,109.42117864222678
2016-05-04,109.59938494445046
2016-05-05,109.51915390503011
2016-05-06,109.94861186252932
2016-05-09,110.46541385161417
2016-05-10,110.13395150477656
2016-05-11,110.45521862842887
2016-05-12,110.36961805824015
2016-05-13,110.97810641585492
2016-05-16,110.56577830106657
2016-05-17,110.90566035763717
2016-05-18,110.42820327962622
2016-05-19,110.52997925492613
2016-05-20,110.98769127722007
2016-05-23,111.03812177736576
2016-05-24,110.46941956092708
2016-05-25,110.73584143354688
2016-05-26,110.62193606490368
2016-05-27,111.01317129126839
2016-05-30,111.20784801519042
2016-05-31,111.23969911351698
2016-06-01,111.78270138911479
2016-06-02,111.74919365758781
2016-06-03,112.099475373577
2016-06-06,112.11162261390545
2016-06-07,112.09644766205638
2016-06-08,112.43254739424619
2016-06-09,112.52124419929251
2016-06-10,112.86913734186372
2016-06-13,113.01339011495973
2016-06-14,113.3144873917329
2016-06-15,113.52702742637096
2016-06-16,113.10338794228444
2016-06-17,112.77466039171665
2016-06-20,112.63182553524152
2016-06-21,112.39444334247821
2016-06-22,112.4758980525978
2016-06-23,111.97353531213341
2016-06-24,114.2672988152401
2016-06-27,116.54081862048474
2016-06-28,116.84247219973221
2016-06-29,117.09313742511759
2016-06-30,117.0654960251542
2016-07-01,116.9368179582894
2016-07-04,116.94361850022297
2016-07-05,117.56322612970804
2016-07-06,117.56988142024083
2016-07-07,117.45539133499756
2016-07-08,116.57690622779893
2016-07-11,116.43242633557018
2016-07-12,114.63754493372701
2016-07-13,114.886849118376
2016-07-14,113.91031567458859
2016-07-15,113.89736205572137
2016-07-18,112.99157607332754
2016-07-19,113.69267663037006
2016-07-20,113.37650352119923
2016-07-21,113.38942275624642
2016-07-22,113.36524908639065
2016-07-25,113.16450367105386
2016-07-26,113.31066527088979
2016-07-27,113.35789977018985
2016-07-28,114.41198783833903
2016-07-29,114.28262886675277
2016-08-01,114.83297078399607
2016-08-02,115.34209259190473
2016-08-03,115.25212841309907
2016-08-04,115.45847078558312
2016-08-05,114.88821791703178
2016-08-08,114.13490732125808
2016-08-09,113.76782044493211
2016-08-10,114.37953479828403
2016-08-11,114.30276497107049
2016-08-12,114.73544519767471
2016-08-15,115.0427620714034
2016-08-16,115.46620224476989
2016-08-17,115.5970308591594
2016-08-18,115.28592907796568
2016-08-19,115.54762631809184
2016-08-22,115.70853282084204
2016-08-23,115.01614028640968
2016-08-24,114.46405161039466
2016-08-25,114.64622779203941
2016-08-26,114.82980259467331
2016-08-29,115.02242048745839
2016-08-30,114.65071919364587
2016-08-31,114.48692341293443
2016-09-01,113.45673888417326
2016-09-02,114.2021276687479
2016-09-05,114.28540838279372
2016-09-06,114.12552919075313
2016-09-07,113.84780976391207
2016-09-08,113.47422626775867
2016-09-09,113.4517967398059
2016-09-12,113.36067451363533
2016-09-13,113.75422035726938
2016-09-14,114.21984652863603
2016-09-15,113.78131177393047
2016-09-16,115.01061301316747
2016-09-19,114.89033297653677
2016-09-20,115.24412377734211
2016-09-21,114.74338023002267
2016-09-22,114.87820272876013
2016-09-23,114.63188625962621
2016-09-26,114.90767746903033
2016-09-27,114.87520547426341
2016-09-28,115.32261600890064
2016-09-29,114.08605647754526
2016-09-30,113.6125153754277
2016-10-03,113.75009321878474
2016-10-04,114.38967453767073
2016-10-05,114.10078090315716
2016-10-06,113.42823221827717
2016-10-07,113.98307143583769
2016-10-10,113.89258881653012
2016-10-11,113.17254100472327
2016-10-12,112.36408697197174
2016-10-13,112.77814673333677
2016-10-14,112.47936256579746
2016-10-17,111.98080547446594
2016-10-18,112.32690397384576
2016-10-19,111.86649139983008
2016-10-20,111.99874856967021
2016-10-21,112.19345202152562
2016-10-24,111.31576149040845
2016-10-25,111.1668002919739
2016-10-26,111.04338724728683
2016-10-27,111.14083237196897
2016-10-28,110.60353908145487
2016-10-31,110.86655727940907
2016-11-01,110.579659100726
2016-11-02,111.08430998500123
2016-11-03,111.38002244731004
2016-11-04,111.8387592705329
2016-11-07,111.65594711540464
2016-11-08,111.82500987631894
2016-11-09,111.30916566600546
2016-11-10,110.5662920981802
2016-11-11,110.82955690151836
2016-11-14,110.99346922380178
2016-11-15,110.75848562504635
2016-11-16,110.43972777505668
2016-11-17,110.64179131670004
2016-11-18,110.64491724834215
2016-11-21,111.04456518980687
2016-11-22,110.70275593710106
2016-11-23,110.85718854964351
2016-11-24,110.92858753301064
2016-11-25,111.12884245865402
2016-11-28,111.20272971306106
2016-11-29,111.08583877660661
2016-11-30,110.68364912212222
2016-12-01,110.16459672988792
2016-12-02,110.29561350113887
2016-12-05,110.0831446491539
2016-12-06,109.56640775091694
2016-12-07,108.37848548662785
2016-12-08,108.9113042614819
2016-12-09,109.47337223852713
2016-12-12,108.96500521658577
2016-12-13,109.56117159364723
2016-12-14,109.81540135042154
2016-12-15,109.64276741121692
2016-12-16,109.81496622960417
2016-12-19,109.6460696036899
2016-12-20,109.42729666131375
2016-12-21,109.11222244136242
2016-12-22,109.53309909484453
2016-12-23,109.67062659638698
2016-12-26,109.67062659638698
2016-12-27,109.78689478402227
2016-12-28,110.21242821556787
2016-12-29,110.64171658670948
2016-12-30,110.68919486929987
2017-01-02,110.4244734874625
2017-01-03,109.36351123362087
2017-01-04,109.22093807084762
2017-01-05,109.63552958078206
2017-01-06,109.76802370681983
2017-01-09,110.00856536783097
2017-01-10,110.31404683312456
2017-01-11,110.28257553125938
2017-01-12,110.5361243140001
2017-01-13,110.52609284159279
2017-01-16,110.41668721439072
2017-01-17,110.20050289983796
2017-01-18,110.07271813842658
2017-01-19,110.26133758067478
2017-01-20,109.45992511488537
2017-01-23,109.17832987006322
2017-01-24,108.66935414384504
2017-01-25,108.63175121672182
2017-01-26,108.69059244220004
2017-01-27,108.76670124249175
2017-01-30,108.9491712130712
2017-01-31,108.7250205635899
2017-02-01,108.9358746904983
2017-02-02,108.7481129782346
2017-02-03,108.80782757228143
2017-02-06,109.03041966217904
2017-02-07,109.12757469009114
2017-02-08,109.28211562912524
2017-02-09,109.16085978512406
2017-02-10,109.05822439873367
2017-02-13,109.09110324214517
2017-02-14,108.58776294343544
2017-02-15,108.98753228639929
2017-02-16,108.75416971382506
2017-02-17,108.92976112260789
2017-02-20,108.93002370810927
2017-02-21,108.99804209006338
2017-02-22,109.18203003660832
2017-02-23,109.44031627560007
2017-02-24,109.92999334126986
2017-02-27,110.39406217911163
2017-02-28,110.06635393194007
2017-03-01,109.57901639314814
2017-03-02,109.74654263580808
2017-03-03,109.68113491554733
2017-03-06,110.00047745137766
2017-03-07,110.01151657961613
2017-03-08,109.3974955979901
2017-03-09,108.88332964258053
2017-03-10,108.63484813375351
2017-03-13,108.79833467583566
2017-03-14,108.53625156448038
2017-03-15,108.47178393203885
2017-03-16,108.15241130762942
2017-03-17,108.18457649184786
2017-03-20,108.24163122838958
2017-03-21,108.17055856960498
2017-03-22,108.87756778458156
2017-03-23,108.42739242882062
2017-03-24,107.92905400996675
2017-03-27,108.15181082568358
2017-03-28,108.14340964527322
2017-03-29,108.12117774643707
2017-03-30,108.11886283450835
2017-03-31,108.15146002953774
2017-04-03,108.28269502065555
2017-04-04,108.43347013131992
2017-04-05,108.49445490258634
2017-04-06,108.46257195609135
2017-04-07,108.76165595344878
2017-04-10,108.61069296851744
2017-04-11,108.49573459629278
2017-04-12,108.881978904368
2017-04-13,108.48217025973364
2017-04-14,108.48217025973364
2017-04-17,108.41104133422978
2017-04-18,108.30319792933155
2017-04-19,108.35497043107357
2017-04-20,108.1812982293988
2017-04-21,108.15804628909736
2017-04-24,107.33730163090817
2017-04-25,107.42266037819762
2017-04-26,107.71484168207549
2017-04-27,107.89798188252705
2017-04-28,107.93978503905547
2017-05-01,108.14524982729124
2017-05-02,108.83835439391562
2017-05-03,108.84859125170242
2017-05-04,108.54799504106629
2017-05-05,109.07558854385933
2017-05-08,109.47609647697523
2017-05-09,110.18893318358087
2017-05-10,110.60204952514506
2017-05-11,110.86113865139484
2017-05-12,111.86376712690696
2017-05-15,111.57705757221234
2017-05-16,111.70085068627934
2017-05-17,112.30564051439671
2017-05-18,111.89234766254945
2017-05-19,111.67819917735716
2017-05-22,110.58435644104469
2017-05-23,110.4320479850373
2017-05-24,110.38766449552712
2017-05-25,110.4871634781966
2017-05-26,110.36202842502698
2017-05-29,110.78809284633617
2017-05-30,111.1531067219293
2017-05-31,110.6750985973738
2017-06-01,110.99573376717184
2017-06-02,110.99382167092972
2017-06-05,110.93949606761113
2017-06-06,110.91525674434007
2017-06-07,110.53989262056182
2017-06-08,110.04618264875963
2017-06-09,109.59994840674302
2017-06-12,108.99252306518942
2017-06-13,109.05201846978777
2017-06-14,109.00409509874531
2017-06-15,108.63073048359571
2017-06-16,108.36172709794603
2017-06-19,108.50813711261581
2017-06-20,109.04964090742747
2017-06-21,108.73208536609394
2017-06-22,108.67717308047268
2017-06-23,108.79806973097791
2017-06-26,109.22607743704755
2017-06-27,108.97475840088906
2017-06-28,108.8547130064154
2017-06-29,108.62763605174813
2017-06-30,107.90497027124881
2017-07-03,107.53634154066388
2017-07-04,107.37943248844513
2017-07-05,107.12638169273775
2017-07-06,106.9448680331534
2017-07-07,106.9841416005596
2017-07-10,106.69122606426876
2017-07-11,106.34706463932986
2017-07-12,107.06537966863567
2017-07-13,106.89314480427142
2017-07-14,106.70824517045557
2017-07-17,106.99099282567637
2017-07-18,107.28581705822066
2017-07-19,108.10442169335428
2017-07-20,108.18205708847213
2017-07-21,108.0203164015907
2017-07-24,107.45007535050016
2017-07-25,107.07322301817422
2017-07-26,107.39082042504785
2017-07-27,105.71491856936386
2017-07-28,105.37428328545704
2017-07-31,105.25666681349283
2017-08-01,104.98170675454986
2017-08-02,104.84863541332571
2017-08-03,104.99567888771331
2017-08-04,104.52380208733919
2017-08-07,104.32875697670887
2017-08-08,104.36538807891517
2017-08-09,104.40241900932186
2017-08-10,104.34432718293344
2017-08-11,104.33146130734913
2017-08-14,104.48148779373192
2017-08-15,104.64378635096688
2017-08-16,104.42213889223436
2017-08-17,104.50125446931177
2017-08-18,104.36845449143979
2017-08-21,104.38638542193264
2017-08-22,104.67219973307002
2017-08-23,104.54960689382143
2017-08-24,104.81565542679887
2017-08-25,103.74665841126523
2017-08-28,103.96874169843295
2017-08-29,104.15064551976563
2017-08-30,104.33415647525719
2017-08-31,104.8017581187097
2017-09-01,104.72627117243825
2017-09-04,104.57872015995999
2017-09-05,104.89481088703069
2017-09-06,105.01673306742441
2017-09-07,105.84862084011814
2017-09-08,105.743303431327
2017-09-11,105.33479732821907
2017-09-12,105.00525548617556
2017-09-13,105.14090365523697
2017-09-14,105.05333005160428
2017-09-15,104.8345550699785
2017-09-18,104.5870271517319
2017-09-19,104.63340168183547
2017-09-20,104.54469105038713
2017-09-21,105.28044583491561
2017-09-22,105.30615195442405
2017-09-25,105.8348432937551
2017-09-26,105.73255701711193
2017-09-27,105.36481150769173
2017-09-28,105.43421578104935
2017-09-29,105.76489124308351
2017-10-02,105.61687451098479
2017-10-03,105.7684329322395
2017-10-04,105.94022105277746
2017-10-05,105.72908811764812
2017-10-06,105.80187432383579
2017-10-09,105.6631823458801
2017-10-10,105.91670160888303
2017-10-11,106.03849071528538
2017-10-12,106.15726067933853
2017-10-13,106.03348809628835
2017-10-16,105.57911764194976
2017-10-17,106.25148311738171
2017-10-18,105.4375115016467
2017-10-19,104.8949609162512
2017-10-20,104.821172524716
2017-10-23,104.89951404132806
2017-10-24,105.05303191888332
2017-10-25,105.28446072790793
2017-10-26,105.03596912237604
2017-10-27,106.22278899715346
2017-10-30,106.00132097024085
2017-10-31,106.49958244556913
2017-11-01,106.19416058649175
2017-11-02,105.8692505027054
2017-11-03,106.48496646019134
2017-11-06,106.66943155824882
2017-11-07,106.3490952738607
2017-11-08,106.32861333567091
2017-11-09,106.03801949274614
2017-11-10,105.69815797765081
2017-11-13,105.75513814349206
2017-11-14,106.16877950371098
2017-11-15,105.8602193540918
2017-11-16,105.91791861052937
2017-11-17,105.63517372396409
2017-11-20,105.45465591909456
2017-11-21,105.21237696429591
2017-11-22,105.464343542255
2017-11-23,105.20727104054716
2017-11-24,105.37882993072822
2017-11-27,105.7625758582341
2017-11-28,105.89151690823408
2017-11-29,105.64616253475207
2017-11-30,105.26896857625849
2017-12-01,105.16448228157293
2017-12-04,104.94337105418956
2017-12-05,105.37247931328298
2017-12-06,105.82197510177411
2017-12-07,105.70419492314365
2017-12-08,105.76323729361806
2017-12-11,105.73585576393613
2017-12-12,105.73442176501229
2017-12-13,106.08638123540497
2017-12-14,105.7192747417998
2017-12-15,105.55089075739845
2017-12-18,104.81579796662953
2017-12-19,104.85540752449235
2017-12-20,104.96363447469959
2017-12-21,104.87069227454428
2017-12-22,104.96247381389162
2017-12-25,104.96247381389162
2017-12-26,104.97334351358876
2017-12-27,105.388593663194
2017-12-28,105.40855860673926
2017-12-29,105.722834252514
2018-01-01,105.722834252514
2018-01-02,104.99380008130125
2018-01-03,105.20458998053921
2018-01-04,105.35394869356196
2018-01-05,105.67926292503147
2018-01-08,105.43511992210065
2018-01-09,105.45750069700182
2018-01-10,105.16710819596256
2018-01-11,104.97371022465519
2018-01-12,105.26780972632845
2018-01-15,104.99497478289766
2018-01-16,105.13885612475225
2018-01-17,105.17564512274093
2018-01-18,104.74778658111055
2018-01-19,105.27244860790015
2018-01-22,105.02242078215795
2018-01-23,105.04058868489324
2018-01-24,104.65754066764146
2018-01-25,104.60247425835986
2018-01-26,104.81201015397508
2018-01-29,104.92426188195563
2018-01-30,105.27862570416318
2018-01-31,105.40791669631012
2018-02-01,104.83107435434066
2018-02-02,105.24170685427686
2018-02-05,105.30233005261776
2018-02-06,104.47396174105766
2018-02-07,104.77174352436188
2018-02-08,104.60058043339467
2018-02-09,103.70775863322122
2018-02-12,103.98255198748596
2018-02-13,104.0769436936861
2018-02-14,103.49695294271002
2018-02-15,103.8949647601231
2018-02-16,104.10726291667928
2018-02-19,103.37731577976949
2018-02-20,103.06952110767982
2018-02-21,103.03214412170637
2018-02-22,103.64943173795648
2018-02-23,103.3220908064123
2018-02-26,103.78200076475915
2018-02-27,103.66697403916154
2018-02-28,103.33586913450797
2018-03-01,103.52454165871208
2018-03-02,103.7561641651474
2018-03-05,104.55442005244777
2018-03-06,103.87882545799364
2018-03-07,104.15609647637525
2018-03-08,103.93318309204992
2018-03-09,103.70748705942538
2018-03-12,102.93600900268775
2018-03-13,103.36281833779044
2018-03-14,103.08205374446672
2018-03-15,103.15745451693743
2018-03-16,103.25731129994217
2018-03-19,103.03437058466355
2018-03-20,102.93875802674802
2018-03-21,102.89786819509564
2018-03-22,103.50164116790268
2018-03-23,103.71269384497192
2018-03-26,103.44731589144637
2018-03-27,103.29885977461568
2018-03-28,104.06731270254349
2018-03-29,103.43333079520167
2018-03-30,103.43333079520167
2018-04-02,103.78502287517352
2018-04-03,103.90147674137044
2018-04-04,103.8550437820732
2018-04-05,104.64478277600858
2018-04-06,104.80281455341964
2018-04-09,104.4669776184805
2018-04-10,104.03183924776626
2018-04-11,103.77582929993922
2018-04-12,103.11471838524508
2018-04-13,102.64912842636348
2018-04-16,102.20720344422031
2018-04-17,102.55167469110204
2018-04-18,103.38605129183189
2018-04-19,103.3522934858541
2018-04-20,104.22940939317836
2018-04-23,104.30348757013864
2018-04-24,104.45005857083919
2018-04-25,104.64163437717794
2018-04-26,104.5945173872303
2018-04-27,105.6665454923593
2018-04-30,106.40820089595535
2018-05-01,106.64052892555247
2018-05-02,106.83552961588838
2018-05-03,107.42503170699868
2018-05-04,107.19870559231157
2018-05-07,106.77740733775742
2018-05-08,107.50402762707326
2018-05-09,107.42045533011003
2018-05-10,107.44595688199465
2018-05-11,107.42320825032566
2018-05-14,106.88665624045547
2018-05-15,106.84157756635484
2018-05-16,107.1034501684399
2018-05-17,107.99193127138618
2018-05-18,108.33701004714749
2018-05-21,108.89669890800748
2018-05-22,108.72164730510649
2018-05-23,108.8725002195246
2018-05-24,108.95869239196624
2018-05-25,108.7919773839586
2018-05-28,108.36626021092643
2018-05-29,109.38639154685517
2018-05-30,109.37672837584955
2018-05-31,109.4060659891539
2018-06-01,109.43294587993569
2018-06-04,109.49949016511042
2018-06-05,109.45249244679671
2018-06-06,109.53655215900206
2018-06-07,109.10072038262051
2018-06-08,109.60065964985938
2018-06-11,109.72720142153484
2018-06-12,110.00442653539345
2018-06-13,110.74036823956759
2018-06-14,111.28344267100846
2018-06-15,110.89815966599642
2018-06-18,111.15627830987829
2018-06-19,111.33901811757906
2018-06-20,111.1049988499526
2018-06-21,111.14119565209906
2018-06-22,111.76448132610747
2018-06-25,111.34158874599915
2018-06-26,111.77042808091777
2018-06-27,112.53162458243183
2018-06-28,111.65610915384076
2018-06-29,111.25633967380105
2018-07-02,111.37247689628798
2018-07-03,111.75452970638621
2018-07-04,111.90689760202457
2018-07-05,111.43255341258256
2018-07-06,111.66558607910657
2018-07-09,111.43884151138388
2018-07-10,111.63758057352676
2018-07-11,111.85228185313022
2018-07-12,112.39270214077996
2018-07-13,112.61903091942906
2018-07-16,112.14823573237643
2018-07-17,112.26729642248675
2018-07-18,111.9963823034006
2018-07-19,111.9307351050018
2018-07-20,112.0280205964136
2018-07-23,111.81332077044449
2018-07-24,111.63183171686673
2018-07-25,111.7215067365379
2018-07-26,112.15853393066567
2018-07-27,111.93310322042916
2018-07-30,111.70779038106716
2018-07-31,111.42495388103136
2018-08-01,111.27836652036164
2018-08-02,111.54230379029417
2018-08-03,111.38579017865746
2018-08-06,111.52905503101037
2018-08-07,111.55021244450518
2018-08-08,111.56620860584825
2018-08-09,111.89200091332293
2018-08-10,112.1238618713272
2018-08-13,112.51904820852903
2018-08-14,112.4910403681056
2018-08-15,112.13565054619379
2018-08-16,112.25740733986626
2018-08-17,112.1476132584014
2018-08-20,112.05146954497874
2018-08-21,111.43217275272087
2018-08-22,111.51075687948557
2018-08-23,111.63345998506176
2018-08-24,111.80300913687515
2018-08-27,111.50863334449947
2018-08-28,111.23502480128418
2018-08-29,111.06850071677421
2018-08-30,111.09523964941263
2018-08-31,110.78800532851835
2018-09-03,110.92674797739298
2018-09-04,110.93932543007939
2018-09-05,110.33557140580976
2018-09-06,110.15170982902129
2018-09-07,110.11360620051643
2018-09-10,109.75077577070935
2018-09-11,110.33084051968493
2018-09-12,110.7434065723716
2018-09-13,110.14181279311158
2018-09-14,109.58480967648899
2018-09-17,109.45483399342235
2018-09-18,109.15750196303338
2018-09-19,108.92018698374088
2018-09-20,108.78460982807577
2018-09-21,108.97081179764409
2018-09-24,109.50005935395134
2018-09-25,109.88440492403919
2018-09-26,110.3065523231895
2018-09-27,110.75739539640192
2018-09-28,111.40202808888957
2018-10-01,111.827785695786
2018-10-02,111.8544504314091
2018-10-03,112.05012523226347
2018-10-04,111.43895830659842
2018-10-05,111.70727124736803
2018-10-08,111.54964496757947
2018-10-09,112.27776087252
2018-10-10,113.17719223448732
2018-10-11,112.64979694224697
2018-10-12,112.64528268416744
2018-10-15,113.05067990656433
2018-10-16,112.88139109117736
2018-10-17,112.93524489494675
2018-10-18,112.76011103094818
2018-10-19,113.01566632600014
2018-10-22,113.22295194541886
2018-10-23,113.33718009320019
2018-10-24,114.12692937189617
2018-10-25,114.18620892732243
2018-10-26,113.94194972549334
2018-10-29,113.91770423565274
2018-10-30,113.2210549916831
2018-10-31,113.82691331841595
2018-11-01,113.17163346458727
2018-11-02,112.86465177799411
2018-11-05,113.3923977353808
2018-11-06,112.92998988412377
2018-11-07,113.47492550620227
2018-11-08,113.71672813527798
2018-11-09,114.08440152971274
2018-11-12,114.90147473563624
2018-11-13,114.84527695474557
2018-11-14,114.94795016503825
2018-11-15,115.01321508442001
2018-11-16,113.97092855912197
2018-11-19,113.96332697853985
2018-11-20,114.75013010813821
2018-11-21,114.64950379430329
2018-11-22,114.51759957233172
2018-11-23,115.16768606095768
2018-11-26,115.07861607054488
2018-11-27,115.85072696982175
2018-11-28,115.45415249438828
2018-11-29,115.80781935847618
2018-11-30,115.2806500546809
2018-12-03,115.70336587936632
2018-12-04,116.66348134117835
2018-12-05,116.1446544722017
2018-12-06,116.28925619255519
2018-12-07,117.58667523341228
2018-12-10,118.23058104998675
2018-12-11,118.0737863232987
2018-12-12,117.57282386288288
2018-12-13,118.2129558836549
2018-12-14,117.81345655135064
2018-12-17,117.98643134937414
2018-12-18,116.77143088072741
2018-12-19,117.6153634971146
2018-12-20,117.67681106352104
2018-12-21,117.441374158586
2018-12-24,117.94067282465386
2018-12-25,117.94067282465386
2018-12-26,117.37401669088958
2018-12-27,116.07733848133891
2018-12-28,116.6237701457004
2018-12-31,116.5656563693316
2019-01-01,116.5656563693316
2019-01-02,116.33075608890528
2019-01-03,116.73267102957816
2019-01-04,116.27106662697054
2019-01-07,115.97346793441011
2019-01-08,116.17981114168568
2019-01-09,116.03077158544427
2019-01-10,115.84462200670825
2019-01-11,115.57779403678838
2019-01-14,115.52248550302166
2019-01-15,116.24119624263095
2019-01-16,115.97656738179303
2019-01-17,115.3066826194183
2019-01-18,115.1760169123957
2019-01-21,115.13729223493901
2019-01-22,115.75974653635765
2019-01-23,115.1499298320156
2019-01-24,114.55144910847497
2019-01-25,113.6649566574535
2019-01-28,113.39677938133985
2019-01-29,113.96429333681388
2019-01-30,114.09956899167906
2019-01-31,114.71420583474064
2019-02-01,114.55987430799104
2019-02-04,114.57858842570265
2019-02-05,114.95949192262265
2019-02-06,114.71515989477031
2019-02-07,114.96968816948588
2019-02-08,115.37697256120015
2019-02-11,115.33879810538056
2019-02-12,115.46246868729737
2019-02-13,115.2315653854252
2019-02-14,115.92833196891455
2019-02-15,115.03134576862811
2019-02-18,115.0959987511517
2019-02-19,115.25321209561073
2019-02-20,114.76725362163717
2019-02-21,115.00938778237139
2019-02-22,114.97652592586701
2019-02-25,114.55157004069501
2019-02-26,114.68472838601127
2019-02-27,114.26443633337763
2019-02-28,113.59473528898826
2019-03-01,113.33386253488636
2019-03-04,113.28087197684468
2019-03-05,114.2626648598862
2019-03-06,114.35006678825346
2019-03-07,114.64028715708534
2019-03-08,114.72030435790812
2019-03-11,114.67383279100699
2019-03-12,115.2612906130848
2019-03-13,115.29511593015806
2019-03-14,114.60268175049944
2019-03-15,114.56224999397591
2019-03-18,114.86565594725907
2019-03-19,115.07939689479873
2019-03-20,115.63455939722888
2019-03-21,115.64602951666446
2019-03-22,115.54428064490476
2019-03-25,115.46956133765669
2019-03-26,115.51433610409137
2019-03-27,115.73265819712664
2019-03-28,115.77410697492726
2019-03-29,115.25206928824466
2019-04-01,114.24569729206813
2019-04-02,114.09167927844743
2019-04-03,113.49503349718496
2019-04-04,113.61495809579276
2019-04-05,113.51378035848202
2019-04-08,113.89996486693256
2019-04-09,114.10190816010166
2019-04-10,113.92658363211513
2019-04-11,112.80484543086853
2019-04-12,111.2032269781433
2019-04-15,111.43519875066532
2019-04-16,111.16723246237758
2019-04-17,110.71294568315767
2019-04-18,110.34226543215209
2019-04-19,110.34226543215209
2019-04-22,110.80006659519432
2019-04-23,111.82972553405759
2019-04-24,111.38219311495168
2019-04-25,111.40529457206226
2019-04-26,111.15227338347893
2019-04-29,111.10772287689399
2019-04-30,111.39401647522212
2019-05-01,111.39269762552497
2019-05-02,111.0589890329018
2019-05-03,111.29249333258586
2019-05-06,112.46795498913686
2019-05-07,112.0472972985479
2019-05-08,112.53275073376184
2019-05-09,112.75223067435576
2019-05-10,112.48131509154962
2019-05-13,113.75477276134336
2019-05-14,113.35141076300273
2019-05-15,113.38360793231786
2019-05-16,113.36741816232471
2019-05-17,113.44994357129698
2019-05-20,113.90095395778327
2019-05-21,113.19302576017303
2019-05-22,113.59057422579431
2019-05-23,113.83431753969468
2019-05-24,114.06887993162177
2019-05-27,114.28250607812278
2019-05-28,114.34075532438285
2019-05-29,114.41713820386502
2019-05-30,114.32134816335345
2019-05-31,114.83652400185323
2019-06-03,114.41858996641442
2019-06-04,113.62527356583192
2019-06-05,113.49547428688295
2019-06-06,113.98616077189767
2019-06-07,114.37553384554408
2019-06-10,114.39902490273452
2019-06-11,113.7504167305189
2019-06-12,113.95929819156142
2019-06-13,113.83185228634999
2019-06-14,114.2952001378899
2019-06-17,114.41611786758452
2019-06-18,113.89720016380339
2019-06-19,113.69393561578015
2019-06-20,113.50750961754704
2019-06-21,113.59386482043112
2019-06-24,113.7517223038754
2019-06-25,113.34752104269039
2019-06-26,113.14036347360566
2019-06-27,113.2549766199097
2019-06-28,112.93052453803382
2019-07-01,112.72073331090739
2019-07-02,113.6495409953069
2019-07-03,113.43783011326329
2019-07-04,113.25075488310749
2019-07-05,113.08030053781624
2019-07-08,113.1743634626255
2019-07-09,113.66572188144454
2019-07-10,113.97535721616683
2019-07-11,114.1455548138556
2019-07-12,113.84474202038984
2019-07-15,113.62254773959992
2019-07-16,113.58072000431098
2019-07-17,114.17689406516786
2019-07-18,113.62306558414963
2019-07-19,113.25826049195862
2019-07-22,113.68543589709573
2019-07-23,113.24008401240964
2019-07-24,112.51415726599993
2019-07-25,112.9429521063577
2019-07-26,112.53172839374886
2019-07-29,113.28490706805063
2019-07-30,113.10792115765071
2019-07-31,112.96533479185631
2019-08-01,113.21947895010955
2019-08-02,113.06595957730732
2019-08-05,113.22313952269106
2019-08-06,112.65341740565695
2019-08-07,112.2904198779727
2019-08-08,112.7217033880641
2019-08-09,112.99286467167289
2019-08-12,113.23593406760723
2019-08-13,112.71113442897386
2019-08-14,113.03926231668355
2019-08-15,113.02915522890936
2019-08-16,112.8349708605657
2019-08-19,112.63983814751757
2019-08-20,112.26570205557132
2019-08-21,111.77157187041988
2019-08-22,110.93665916988697
2019-08-23,111.70739930876692
2019-08-26,111.54344359706107
2019-08-27,111.20123904547668
2019-08-28,111.69729361667126
2019-08-29,111.67007691570808
2019-08-30,111.56318809520383
2019-09-02,111.7220124522623
2019-09-03,111.89760410202796
2019-09-04,111.12747155091752
2019-09-05,110.07287271557458
2019-09-06,109.72376772049597
2019-09-09,109.28736294159674
2019-09-10,108.85721073959375
2019-09-11,109.06728199114148
2019-09-12,109.14009678446544
2019-09-13,108.81318743638624
2019-09-16,109.22715310633525
2019-09-17,109.55449461194925
2019-09-18,109.24690398990168
2019-09-19,109.41876572269973
2019-09-20,109.94858179278604
2019-09-23,109.6819514505361
2019-09-24,109.61017096181732
2019-09-25,109.69848694137933
2019-09-26,109.92405377984545
2019-09-27,110.29531570647757
2019-09-30,109.61089984527652
2019-10-01,109.5872478336132
2019-10-02,109.0581999549363
2019-10-03,109.12011723418689
2019-10-04,108.9394701627121
2019-10-07,109.06212915436427
2019-10-08,109.21501350231446
2019-10-09,109.24233460071724
2019-10-10,109.14224228560406
2019-10-11,109.06681375509606
2019-10-14,108.83876659203243
2019-10-15,109.17305747166769
2019-10-16,109.42583359193414
2019-10-17,110.35603166786191
2019-10-18,109.31805381864886
2019-10-21,108.68129938358274
2019-10-22,109.14618813357815
2019-10-23,109.47430431275701
2019-10-24,110.27406825091813
2019-10-25,110.94522139863712
2019-10-28,110.81098455817117
2019-10-29,110.93392274793935
2019-10-30,111.36608956723421
2019-10-31,111.49927838889212
2019-11-01,110.56026154142555
2019-11-04,110.11619765943463
2019-11-05,110.15881634245915
2019-11-06,110.77556143798533
2019-11-07,110.21848343547508
2019-11-08,110.02421477283025
2019-11-11,109.95412352891762
2019-11-12,110.14739625999525
2019-11-13,110.36467372472408
2019-11-14,110.44332372598655
2019-11-15,110.35008406308022
2019-11-18,110.79994664714985
2019-11-19,111.11305359429498
2019-11-20,110.82754547714772
2019-11-21,110.77284340952458
2019-11-22,111.06089219345924
2019-11-25,111.3885122895521
2019-11-26,111.42514636833621
2019-11-27,111.63185442405879
2019-11-28,111.53214968311056
2019-11-29,111.2405777895183
2019-12-02,111.44616075262303
2019-12-03,110.97471417453983
2019-12-04,110.99945960055496
2019-12-05,110.62082810214007
2019-12-06,110.87865802641937
2019-12-09,110.5253182757592
2019-12-10,110.62430599340291
2019-12-11,110.46373686057365
2019-12-12,110.09808582577911
2019-12-13,111.10630272926903
2019-12-16,111.49634181617637
2019-12-17,111.09608576207458
2019-12-18,111.2654254248325
2019-12-19,111.79013660636578
2019-12-20,111.5085851856648
2019-12-23,111.78985031276609
2019-12-24,111.64416309384163
2019-12-25,111.64416309384163
2019-12-26,111.84686021515287
2019-12-27,111.99745698751092
2019-12-30,111.97614793354566
2019-12-31,111.53747496276743
2020-01-01,111.53747496276743
2020-01-02,111.78824388269108
2020-01-03,112.03992630027722
2020-01-06,112.26250826625541
2020-01-07,111.50026034253726
2020-01-08,111.32783639071403
2020-01-09,111.40111883965412
2020-01-10,111.1304151159277
2020-01-13,110.67517077132818
2020-01-14,110.5055132078652
2020-01-15,111.19116712504804
2020-01-16,110.99238129649339
2020-01-17,111.02942905115614
2020-01-20,110.84268809251488
2020-01-21,110.95917176856322
2020-01-22,111.01904575903164
2020-01-23,111.22562752257448
2020-01-24,111.80824625502504
2020-01-27,111.71238447007846
2020-01-28,112.31464004911132
2020-01-29,112.63339504741735
2020-01-30,112.51960780796233
2020-01-31,112.72596751530443
2020-02-03,112.53704993379924
2020-02-04,112.4159750911575
2020-02-05,112.4653857669825
2020-02-06,112.61676299494107
2020-02-07,112.59481370425928
2020-02-10,112.30433311116461
2020-02-11,112.51961637103442
2020-02-12,112.50354654692858
2020-02-13,112.04362981712075
2020-02-14,111.92678526511627
2020-02-17,112.13937715670042
2020-02-18,112.65317447591434
2020-02-19,112.67557374129161
2020-02-20,112.73258321058528
2020-02-21,113.2283352595002
2020-02-24,113.25152946930903
2020-02-25,113.7300096719119
2020-02-26,114.11540422777848
2020-02-27,114.0050114781553
2020-02-28,113.6758053011099
2020-03-02,113.8744813737951
2020-03-03,115.55824947765835
2020-03-04,116.17104212487727
2020-03-05,117.24827822889304
2020-03-06,117.10713550801738
2020-03-09,117.81548788759848
2020-03-10,116.9795625790847
2020-03-11,117.96725408605354
2020-03-12,118.30841340712007
2020-03-13,117.74700507883279
2020-03-16,121.63283900301099
2020-03-17,123.72553220920113
2020-03-18,126.09515296491857
2020-03-19,125.45788001959623
2020-03-20,125.87325840546434
2020-03-23,123.85374484448053
2020-03-24,119.77297449260683
2020-03-25,119.66560995676825
2020-03-26,120.52012458422142
2020-03-27,122.6646042706255
2020-03-30,121.63779909898851
2020-03-31,123.11434803732581
2020-04-01,126.06135926334335
2020-04-02,124.64762586986834
2020-04-03,125.09431558655338
2020-04-06,122.3053822602474
2020-04-07,121.5939589889418
2020-04-08,120.53555020412301
2020-04-09,119.91614216460661
2020-04-10,119.91614216460661
2020-04-13,120.85479437456677
2020-04-14,120.92963337387944
2020-04-15,123.01158754629658
2020-04-16,124.47164588258622
2020-04-17,123.09616649927743
2020-04-20,123.90898891310866
2020-04-21,124.50650391536087
2020-04-22,123.90658968353345
2020-04-23,123.39413911550795
2020-04-24,122.48424961458929
2020-04-27,121.747438945444
2020-04-28,121.42640584016469
2020-04-29,120.30789032278798
2020-04-30,121.17945770214978
2020-05-01,120.89512297442978
2020-05-04,122.33888654477211
2020-05-05,121.67860448558173
2020-05-06,121.2326305586918
2020-05-07,121.08630125064369
2020-05-08,119.9254537037699
2020-05-11,120.97577618488376
2020-05-12,121.61213757305062
2020-05-13,122.87619647006537
2020-05-14,122.14990361496791
2020-05-15,122.25320521908189
2020-05-18,120.72188116282972
