Date,Risk Premia Size
2012-04-19,100.0
2012-04-20,99.92638981210406
2012-04-23,100.04729102628649
2012-04-24,100.20551226835818
2012-04-25,99.88077472138048
2012-04-26,99.70879308652393
2012-04-27,99.41254935625139
2012-04-30,99.53905373071005
2012-05-01,99.70612916522865
2012-05-02,99.2092586071192
2012-05-03,99.68574564217553
2012-05-04,99.81250306787476
2012-05-07,99.94525843571597
2012-05-08,99.86280877304033
2012-05-09,99.90291638981807
2012-05-10,99.68935752851633
2012-05-11,99.65729584353976
2012-05-14,99.85995799085588
2012-05-15,99.85483522372868
2012-05-16,100.08407659758137
2012-05-17,100.45418190330442
2012-05-18,100.70916195538685
2012-05-21,100.21820798133257
2012-05-22,100.38212677046603
2012-05-23,99.82257462352182
2012-05-24,100.01089062518938
2012-05-25,99.96069635105073
2012-05-28,99.90299537433474
2012-05-29,99.57683263723116
2012-05-30,99.82542421666794
2012-05-31,99.66743112365981
2012-06-01,100.21939036004406
2012-06-04,100.6060160286669
2012-06-05,100.13637420498371
2012-06-06,100.06458778710581
2012-06-07,100.44097087716801
2012-06-08,100.31490232177605
2012-06-11,101.0222995599353
2012-06-12,101.24056420388344
2012-06-13,101.80382013177524
2012-06-14,101.75344989567641
2012-06-15,101.5901598011359
2012-06-18,101.31433587569168
2012-06-19,101.2408009024335
2012-06-20,101.2092772559714
2012-06-21,101.36468004599462
2012-06-22,101.16669983899415
2012-06-25,101.29388370115925
2012-06-26,101.40225756679318
2012-06-27,101.31166288322622
2012-06-28,101.16159775941753
2012-06-29,101.05970680565966
2012-07-02,100.65298793171446
2012-07-03,100.37300857907897
2012-07-04,100.2655222113524
2012-07-05,99.97228912958222
2012-07-06,100.07077185982705
2012-07-09,100.1819057342642
2012-07-10,100.48306495655275
2012-07-11,100.89648203364138
2012-07-12,100.68145726301302
2012-07-13,100.69736137398752
2012-07-16,100.77167532402774
2012-07-17,100.9408281577686
2012-07-18,100.8351154277528
2012-07-19,101.32667968849803
2012-07-20,101.14439827705492
2012-07-23,101.53184712743787
2012-07-24,101.65926933042913
2012-07-25,101.54878854902087
2012-07-26,102.0254384415442
2012-07-27,102.13136325790555
2012-07-30,102.42549402258274
2012-07-31,102.50217933857596
2012-08-01,103.23039258882055
2012-08-02,102.95448233238551
2012-08-03,103.18096242251252
2012-08-06,102.87469145018086
2012-08-07,102.72615038107845
2012-08-08,102.68306534341946
2012-08-09,102.48907658406468
2012-08-10,102.4852051525899
2012-08-13,102.55565888462685
2012-08-14,102.72389633241828
2012-08-15,102.2924344654935
2012-08-16,102.24531424384871
2012-08-17,101.86927295424032
2012-08-20,102.05192841395514
2012-08-21,101.8603957783923
2012-08-22,101.86011594685714
2012-08-23,101.84321369855417
2012-08-24,102.00265914107918
2012-08-27,102.05898176908123
2012-08-28,101.8276855141287
2012-08-29,101.63168052878034
2012-08-30,101.71063531016675
2012-08-31,101.63432797732295
2012-09-03,101.66004531438716
2012-09-04,100.76791184988116
2012-09-05,100.85505743336614
2012-09-06,101.0606528084767
2012-09-07,100.96674000805616
2012-09-10,100.68039621945607
2012-09-11,100.78165484353187
2012-09-12,100.62145291048581
2012-09-13,100.78836434342195
2012-09-14,100.56199319337803
2012-09-17,100.87853209230082
2012-09-18,100.95721566315126
2012-09-19,101.02150250973327
2012-09-20,101.17715970588272
2012-09-21,101.03970366678872
2012-09-24,101.14183305830362
2012-09-25,101.47804064889463
2012-09-26,101.32616159192969
2012-09-27,101.18330860052428
2012-09-28,100.884623989385
2012-10-01,101.29369572848844
2012-10-02,101.23727794951465
2012-10-03,101.57390316270128
2012-10-04,101.37268843011043
2012-10-05,101.42040810743252
2012-10-08,101.35919548066683
2012-10-09,101.37955437663052
2012-10-10,101.3125165271793
2012-10-11,101.26679763047127
2012-10-12,101.43187795380611
2012-10-15,101.55503662978711
2012-10-16,101.79161398562803
2012-10-17,101.53104175636074
2012-10-18,101.6416448815653
2012-10-19,101.57072189876085
2012-10-22,101.57719254703564
2012-10-23,100.90201937865886
2012-10-24,100.9869621057431
2012-10-25,100.89392178240554
2012-10-26,101.02292284021733
2012-10-29,100.95827964621155
2012-10-30,101.23530405507447
2012-10-31,100.76959028561257
2012-11-01,100.45352652229701
2012-11-02,100.7499805543853
2012-11-05,100.47099432041217
2012-11-06,100.50952343878505
2012-11-07,100.33769058668398
2012-11-08,100.43996425097443
2012-11-09,100.53225667665315
2012-11-12,100.70678193243059
2012-11-13,100.9917836488307
2012-11-14,101.17696864723462
2012-11-15,101.39700553071135
2012-11-16,101.04217050535959
2012-11-19,101.22114493776084
2012-11-20,101.14104442705592
2012-11-21,101.06928948053076
2012-11-22,101.10188908329823
2012-11-23,101.25289415474138
2012-11-26,101.0375307098251
2012-11-27,100.86557159901898
2012-11-28,101.03802672772507
2012-11-29,100.87581669515733
2012-11-30,100.97694818077905
2012-12-03,100.89410716082419
2012-12-04,100.74515664181273
2012-12-05,100.90180332196982
2012-12-06,100.88648423566923
2012-12-07,100.95882815152204
2012-12-10,100.75152540693388
2012-12-11,100.69421190426293
2012-12-12,100.86644200771006
2012-12-13,100.91234260011261
2012-12-14,100.78410127356527
2012-12-17,100.75315653994231
2012-12-18,100.57030302501681
2012-12-19,100.27708342942024
2012-12-20,100.24285136627225
2012-12-21,100.15224379689847
2012-12-24,100.18707965834867
2012-12-25,100.19833989564641
2012-12-26,100.32307366076674
2012-12-27,100.29751226161798
2012-12-28,99.98391408595357
2012-12-31,99.73012875303546
2013-01-01,99.72162537365718
2013-01-02,99.63204337296816
2013-01-03,99.46197058843535
2013-01-04,99.35789427794754
2013-01-07,99.07049890392078
2013-01-08,99.05181408775594
2013-01-09,98.9655894091368
2013-01-10,99.29056657889684
2013-01-11,99.41816507535371
2013-01-14,99.38787168784269
2013-01-15,99.18922853448274
2013-01-16,99.21965833223203
2013-01-17,99.10614283996796
2013-01-18,99.00844716069065
2013-01-21,98.98157966366541
2013-01-22,98.77040430773313
2013-01-23,98.93666957849254
2013-01-24,98.92169687576848
2013-01-25,98.932947900509
2013-01-28,98.84976597433773
2013-01-29,99.34600811976313
2013-01-30,99.6100641466322
2013-01-31,98.99139058453386
2013-02-01,98.90128801552702
2013-02-04,98.714393417855
2013-02-05,98.81754244109695
2013-02-06,98.46691009752841
2013-02-07,98.24395947363607
2013-02-08,98.26691889778088
2013-02-11,98.27095738815112
2013-02-12,98.24005772418607
2013-02-13,98.08512697297411
2013-02-14,97.88631328404517
2013-02-15,97.81197443045428
2013-02-18,97.82950457432615
2013-02-19,97.76418482379181
2013-02-20,98.19731896701929
2013-02-21,98.15885305377503
2013-02-22,98.10407856514033
2013-02-25,98.43469639730394
2013-02-26,98.13456536901515
2013-02-27,98.19677173395769
2013-02-28,98.2411029496805
2013-03-01,98.31030490724984
2013-03-04,98.45080824618928
2013-03-05,98.42596956547735
2013-03-06,98.24341713013541
2013-03-07,98.18237957505893
2013-03-08,98.04980863094256
2013-03-11,98.18853871379503
2013-03-12,98.20043960203986
2013-03-13,97.93521803077545
2013-03-14,97.77692665300309
2013-03-15,97.54963605310927
2013-03-18,97.27343110923177
2013-03-19,97.345737174263
2013-03-20,97.29214868156097
2013-03-21,97.04934016240682
2013-03-22,97.38433440484845
2013-03-25,97.12574477917353
2013-03-26,97.21019777993777
2013-03-27,97.06114917265566
2013-03-28,97.14966990263157
2013-03-29,97.18914440613943
2013-04-01,97.78403225384503
2013-04-02,98.55320728219498
2013-04-03,98.7514937632493
2013-04-04,98.59312229952626
2013-04-05,98.50128829834465
2013-04-08,98.34298225302182
2013-04-09,98.54598328753168
2013-04-10,98.60090250951143
2013-04-11,98.78605252411315
2013-04-12,98.79023542235161
2013-04-15,99.67446783600846
2013-04-16,99.46536423610733
2013-04-17,99.48522466570965
2013-04-18,99.4820388944576
2013-04-19,99.33690104574035
2013-04-22,99.2820223062624
2013-04-23,99.31590413302882
2013-04-24,99.12517887895616
2013-04-25,98.83404615868291
2013-04-26,98.99235096085184
2013-04-29,99.14297317416897
2013-04-30,98.90967457892141
2013-05-01,99.43345949955132
2013-05-02,99.19826497397523
2013-05-03,99.05113269703128
2013-05-06,98.77060363696
2013-05-07,98.59103627540584
2013-05-08,98.63157132883465
2013-05-09,98.50272650975717
2013-05-10,98.40248385656987
2013-05-13,98.5477485982314
2013-05-14,98.44243516483822
2013-05-15,98.79453106549413
2013-05-16,98.78193740152705
2013-05-17,98.53851449681024
2013-05-20,98.44474174653222
2013-05-21,98.52275061610929
2013-05-22,99.18465216471495
2013-05-23,98.95840361403818
2013-05-24,98.89762098976274
2013-05-27,98.87531059826853
2013-05-28,98.64864520656832
2013-05-29,98.548750236295
2013-05-30,98.41070367548237
2013-05-31,97.72428492174356
2013-06-03,98.00245390460275
2013-06-04,98.32736662784616
2013-06-05,98.08825637917566
2013-06-06,98.0501883811294
2013-06-07,98.45804653776136
2013-06-10,98.17152862500299
2013-06-11,98.37201574690329
2013-06-12,98.38897608832585
2013-06-13,98.19523584896871
2013-06-14,98.13386414501372
2013-06-17,98.22021038383264
2013-06-18,98.11828500704146
2013-06-19,98.08445733043378
2013-06-20,97.88270429581672
2013-06-21,97.91270387094544
2013-06-24,97.98299329011508
2013-06-25,97.89924649106132
2013-06-26,98.41521972470859
2013-06-27,97.81373768207628
2013-06-28,97.51314334308022
2013-07-01,97.09573855207044
2013-07-02,97.05611391743672
2013-07-03,96.84086949548954
2013-07-04,97.01782626471227
2013-07-05,96.54534360113385
2013-07-08,96.76004847240891
2013-07-09,96.66175305286734
2013-07-10,96.70437827229665
2013-07-11,96.74267274819113
2013-07-12,96.60149342944516
2013-07-15,96.54537863576688
2013-07-16,96.70311635995446
2013-07-17,96.6472792586488
2013-07-18,96.50421020729436
2013-07-19,96.61962124738665
2013-07-22,96.46671042382751
2013-07-23,96.39262768902542
2013-07-24,96.78782197136923
2013-07-25,96.49169678158091
2013-07-26,96.69209597115672
2013-07-29,96.86324423003333
2013-07-30,96.54044284579973
2013-07-31,96.41350011690952
2013-08-01,96.2887279488552
2013-08-02,96.42258392446422
2013-08-05,96.01977456262732
2013-08-06,96.38520474147118
2013-08-07,96.495516778975
2013-08-08,96.29776607593564
2013-08-09,96.13979507776591
2013-08-12,95.871232542421
2013-08-13,96.11448667979161
2013-08-14,96.0651882527687
2013-08-15,96.32635364778206
2013-08-16,96.3076963911978
2013-08-19,96.30392852541819
2013-08-20,95.74380522965431
2013-08-21,95.63619892437264
2013-08-22,95.46150580190536
2013-08-23,95.64500560861705
2013-08-26,95.47289906954464
2013-08-27,95.83998748361189
2013-08-28,95.91465237081954
2013-08-29,95.59549508610431
2013-08-30,96.09891751165063
2013-09-02,96.17438275660884
2013-09-03,96.10026499620238
2013-09-04,95.98362175413801
2013-09-05,95.91081827293041
2013-09-06,95.84841616103262
2013-09-09,95.3871066782365
2013-09-10,95.2833244576289
2013-09-11,95.49176933940082
2013-09-12,95.62096897286453
2013-09-13,95.46057396767058
2013-09-16,95.60782527256868
2013-09-17,95.33743135359542
2013-09-18,95.47904907254438
2013-09-19,95.60472876257666
2013-09-20,95.58890006492425
2013-09-23,95.48404311792831
2013-09-24,95.13092183664013
2013-09-25,95.01961969161118
2013-09-26,94.96948029504425
2013-09-27,94.88181409994937
2013-09-30,94.38824817079313
2013-10-01,94.12452377945424
2013-10-02,94.19605704499496
2013-10-03,94.27439508327316
2013-10-04,94.28375613608642
2013-10-07,94.54456709794917
2013-10-08,94.68988219413592
2013-10-09,94.90197483685292
2013-10-10,94.87537441049278
2013-10-11,94.6544936214161
2013-10-14,94.60153196786545
2013-10-15,94.75524884703229
2013-10-16,94.85155576651565
2013-10-17,94.68425504566359
2013-10-18,94.5200618385079
2013-10-21,94.42063206947165
2013-10-22,94.62645602951788
2013-10-23,94.59584151681094
2013-10-24,94.52479942052364
2013-10-25,94.59735920613583
2013-10-28,94.85565961936213
2013-10-29,94.96578234990072
2013-10-30,95.30842856078445
2013-10-31,95.11990119833277
2013-11-01,95.29451767058562
2013-11-04,94.98124877081604
2013-11-05,94.96906548253678
2013-11-06,95.3590721149407
2013-11-07,95.60309054646835
2013-11-08,95.39667364643358
2013-11-11,95.30586731568586
2013-11-12,95.26928339118179
2013-11-13,95.12738467295557
2013-11-14,95.32673311270968
2013-11-15,95.40714282631724
2013-11-18,95.70069123958778
2013-11-19,95.8763436576378
2013-11-20,95.82378430661176
2013-11-21,95.46681457380852
2013-11-22,95.49729405654807
2013-11-25,95.51730573265004
2013-11-26,95.05699144229948
2013-11-27,95.02552641230008
2013-11-28,95.08282426451608
2013-11-29,94.9949849563389
2013-12-02,95.18175720937128
2013-12-03,95.18619853016072
2013-12-04,95.06317217161796
2013-12-05,94.69127970139245
2013-12-06,94.94365922904123
2013-12-09,95.03475544624715
2013-12-10,95.03001996631687
2013-12-11,95.28742125667341
2013-12-12,95.04130517312294
2013-12-13,94.84596281081434
2013-12-16,94.85492914957408
2013-12-17,94.5518065678867
2013-12-18,94.91408072909243
2013-12-19,95.37961837289852
2013-12-20,94.88860532394983
2013-12-23,94.73259899713783
2013-12-24,94.70107750391857
2013-12-25,94.69367710052785
2013-12-26,94.81353916321027
2013-12-27,94.92534162421917
2013-12-30,94.71629762344863
2013-12-31,94.77445660204506
2014-01-01,94.77262664818564
2014-01-02,94.55345658394039
2014-01-03,94.21003412675607
2014-01-06,94.25604360756958
2014-01-07,94.18858238878235
2014-01-08,94.14034516713873
2014-01-09,94.01798601070554
2014-01-10,93.64095811483719
2014-01-13,93.67727282740366
2014-01-14,93.53305097682856
2014-01-15,93.58228059406856
2014-01-16,93.55956723089399
2014-01-17,93.52683190128514
2014-01-20,93.50048077693728
2014-01-21,93.42315778377191
2014-01-22,93.22327111950119
2014-01-23,93.21922834089953
2014-01-24,93.37111760366194
2014-01-27,93.80934803564585
2014-01-28,93.41682761955248
2014-01-29,93.32575256167141
2014-01-30,93.08966678553847
2014-01-31,92.94767561522728
2014-02-03,93.59638668224247
2014-02-04,93.53303265524971
2014-02-05,93.75803643705656
2014-02-06,93.81430499335627
2014-02-07,93.9304002276494
2014-02-10,93.90286931144728
2014-02-11,94.07299357857418
2014-02-12,93.83690130323576
2014-02-13,93.51849649421719
2014-02-14,93.60281188882767
2014-02-17,93.52013590418129
2014-02-18,93.27008314836979
2014-02-19,93.4506723013143
2014-02-20,93.22701355486763
2014-02-21,93.04797775932103
2014-02-24,92.99468760312348
2014-02-25,92.91638908903408
2014-02-26,92.63984672670233
2014-02-27,92.5738735008739
2014-02-28,92.61217734090263
2014-03-03,92.47009509982232
2014-03-04,92.10755380156886
2014-03-05,92.11283070277254
2014-03-06,92.24126165384295
2014-03-07,92.06809568056158
2014-03-10,92.2602087703992
2014-03-11,92.47070485535858
2014-03-12,92.34244628616075
2014-03-13,92.25170084231263
2014-03-14,91.93435235115355
2014-03-17,92.08010764769342
2014-03-18,91.74532599553791
2014-03-19,91.77998806134109
2014-03-20,92.04827958910573
2014-03-21,92.24655183483667
2014-03-24,92.5602360788271
2014-03-25,92.9179833171484
2014-03-26,93.5015388560473
2014-03-27,93.50521620458198
2014-03-28,93.68733222718141
2014-03-31,93.12279364567549
2014-04-01,92.86644360670796
2014-04-02,92.8091096242624
2014-04-03,93.17825188387414
2014-04-04,93.61017009433851
2014-04-07,93.90189991888883
2014-04-08,93.99179746646944
2014-04-09,93.74501926481429
2014-04-10,94.0390955612457
2014-04-11,94.37824095999251
2014-04-14,94.92910352330314
2014-04-15,95.00218383153319
2014-04-16,94.86043509940062
2014-04-17,94.6317829621595
2014-04-18,94.60871758556961
2014-04-21,94.56627212109842
2014-04-22,94.29338289568058
2014-04-23,94.40489525439153
2014-04-24,94.51227256565303
2014-04-25,94.88899959844063
2014-04-28,95.53874925816895
2014-04-29,95.6893152683952
2014-04-30,95.5780853002243
2014-05-01,95.50487844508456
2014-05-02,95.13493255908497
2014-05-05,95.27613017384051
2014-05-06,95.35807889823246
2014-05-07,95.80047978619567
2014-05-08,96.25068520286055
2014-05-09,96.07913207490873
2014-05-12,95.50296676453765
2014-05-13,96.05119788680238
2014-05-14,96.54623803209115
2014-05-15,96.72596008940906
2014-05-16,96.91983535997231
2014-05-19,96.64997099003618
2014-05-20,96.88159272960092
2014-05-21,96.96922680753856
2014-05-22,96.58477156254648
2014-05-23,96.27548314013859
2014-05-26,96.22120589358418
2014-05-27,95.8169049057211
2014-05-28,95.89430541597517
2014-05-29,95.95234336217264
2014-05-30,96.21418110399297
2014-06-02,96.1948249016265
2014-06-03,96.3003760630879
2014-06-04,96.08809868784923
2014-06-05,95.62172363163572
2014-06-06,95.32606430241297
2014-06-09,95.03718157844548
2014-06-10,95.2272126423357
2014-06-11,95.2656600249187
2014-06-12,95.16201951285139
2014-06-13,95.24243970238365
2014-06-16,95.18407138298963
2014-06-17,94.87928068712131
2014-06-18,94.89350512870264
2014-06-19,94.98694892557026
2014-06-20,94.87691786389557
2014-06-23,94.88304981228447
2014-06-24,95.12635002366294
2014-06-25,94.88995386455103
2014-06-26,94.76725408513899
2014-06-27,94.62458160653298
2014-06-30,94.22882464527216
2014-07-01,94.11588163233648
2014-07-02,94.38665429456903
2014-07-03,94.31927610005461
2014-07-04,94.2579447213292
2014-07-07,94.8247075656278
2014-07-08,95.02722322431742
2014-07-09,95.24610522572166
2014-07-10,95.44417174353741
2014-07-11,95.62030570842934
2014-07-14,95.74433291828713
2014-07-15,96.08139089533901
2014-07-16,96.43457233062372
2014-07-17,96.37902571636222
2014-07-18,96.24776099276791
2014-07-21,96.28601389627745
2014-07-22,96.22436888976847
2014-07-23,96.2158386854983
2014-07-24,96.33722212889755
2014-07-25,96.40861221612612
2014-07-28,96.68128121729735
2014-07-29,96.52260010747624
2014-07-30,96.4188345175747
2014-07-31,96.59079274509567
2014-08-01,96.61001237804142
2014-08-04,96.5761332555431
2014-08-05,96.36881268050998
2014-08-06,96.2991192268016
2014-08-07,96.08549591606526
2014-08-08,96.1120726438176
2014-08-11,95.74129914058561
2014-08-12,95.89580327065951
2014-08-13,95.87169903448844
2014-08-14,95.95189947153906
2014-08-15,95.87559689252879
2014-08-18,95.6395200579273
2014-08-19,95.6141222304737
2014-08-20,95.86785274332125
2014-08-21,95.9541251724833
2014-08-22,95.77183034524235
2014-08-25,95.89811903141074
2014-08-26,95.66341966229216
2014-08-27,95.71254018764103
2014-08-28,95.81577324534992
2014-08-29,95.68806329224508
2014-09-01,95.68853812320201
2014-09-02,95.59031222866574
2014-09-03,95.91803202252265
2014-09-04,96.19255879520965
2014-09-05,96.21283844525041
2014-09-08,96.11415306938062
2014-09-09,96.32331505260059
2014-09-10,96.3930345991642
2014-09-11,96.19743995015004
2014-09-12,96.38379178706148
2014-09-15,96.90782574534772
2014-09-16,97.08643906591126
2014-09-17,97.05467336584945
2014-09-18,97.23790902179391
2014-09-19,97.59565752694095
2014-09-22,97.99695427227418
2014-09-23,98.07713437652522
2014-09-24,98.20301847084961
2014-09-25,98.0315127846784
2014-09-26,98.19482766067962
2014-09-29,97.99510314902439
2014-09-30,98.61968911380878
2014-10-01,98.64113490397492
2014-10-02,98.22883609378871
2014-10-03,98.3599766007338
2014-10-06,98.64183869863342
2014-10-07,98.81421746269098
2014-10-08,98.91062527020685
2014-10-09,99.38889305051963
2014-10-10,99.67279627611683
2014-10-13,99.59155888269751
2014-10-14,99.04214369424716
2014-10-15,98.05369422204778
2014-10-16,97.34238175058694
2014-10-17,97.99448332648035
2014-10-20,97.70115222937493
2014-10-21,97.60866836117137
2014-10-22,97.78303232227071
2014-10-23,97.69349431587257
2014-10-24,97.93740476945057
2014-10-27,98.03349318610842
2014-10-28,97.48190698313614
2014-10-29,97.47170865417725
2014-10-30,97.60346814596514
2014-10-31,97.56333432991671
2014-11-03,97.38683706133217
2014-11-04,97.56751262698685
2014-11-05,97.9789716199804
2014-11-06,97.91362052334802
2014-11-07,97.83433248863922
2014-11-10,97.7783776459552
2014-11-11,97.92090090250115
2014-11-12,97.60909563873633
2014-11-13,98.15520774492077
2014-11-14,98.17301403905329
2014-11-17,98.50606743101896
2014-11-18,98.54168014014321
2014-11-19,98.95169500539846
2014-11-20,98.44075386137087
2014-11-21,98.64828687612383
2014-11-24,98.24863942771093
2014-11-25,98.2041931568916
2014-11-26,98.32235948042064
2014-11-27,98.38097570363644
2014-11-28,99.00378636401337
2014-12-01,99.49652735439636
2014-12-02,99.38086246687736
2014-12-03,98.98075109483692
2014-12-04,99.02151658925288
2014-12-05,98.94578903776576
2014-12-08,99.03856546350247
2014-12-09,98.17643486708572
2014-12-10,98.35445615381003
2014-12-11,98.40291017446472
2014-12-12,98.02641128680455
2014-12-15,97.92444006778976
2014-12-16,97.895058984108
2014-12-17,97.29399805491731
2014-12-18,97.8787353662137
2014-12-19,97.86913089228402
2014-12-22,97.93094268557792
2014-12-23,97.91123339534549
2014-12-24,97.72283456775578
2014-12-25,97.7405903360336
2014-12-26,97.54366310984895
2014-12-29,97.4091524255526
2014-12-30,97.08798387285762
2014-12-31,96.88272182664983
2015-01-01,96.88328850163288
2015-01-02,96.91012911925273
2015-01-05,96.35846388586731
2015-01-06,96.6129243614921
2015-01-07,96.67918094926176
2015-01-08,97.08789506566752
2015-01-09,96.82765645448607
2015-01-12,96.8339722170691
2015-01-13,96.84859985914873
2015-01-14,96.50645517096147
2015-01-15,97.12154302948662
2015-01-16,97.13588217529869
2015-01-19,97.14878636239635
2015-01-20,97.60616506263491
2015-01-21,97.9820103946896
2015-01-22,97.87548520391628
2015-01-23,97.83032816559155
2015-01-26,97.38660334190634
2015-01-27,97.00053338832433
2015-01-28,96.97035023454379
2015-01-29,96.99581672175984
2015-01-30,96.85961631325326
2015-02-02,97.087790315615
2015-02-03,96.90163852952506
2015-02-04,96.99606706820235
2015-02-05,96.62542152411118
2015-02-06,96.64511765032465
2015-02-09,96.70578804409418
2015-02-10,96.96649801202304
2015-02-11,97.03082403262448
2015-02-12,96.72789620750987
2015-02-13,96.74471954250303
2015-02-16,96.66437802960635
2015-02-17,96.70987184019482
2015-02-18,96.44146884449854
2015-02-19,96.4243618928505
2015-02-20,96.47450599864341
2015-02-23,96.55722233890052
2015-02-24,96.6991323359173
2015-02-25,96.46526520001795
2015-02-26,96.44216695878224
2015-02-27,96.48760414578717
2015-03-02,96.45086886228786
2015-03-03,96.4131745551543
2015-03-04,96.4704476362453
2015-03-05,96.40421171813705
2015-03-06,96.33878863424943
2015-03-09,96.36864935426641
2015-03-10,95.94946117769211
2015-03-11,95.57545123330686
2015-03-12,95.43913621753612
2015-03-13,95.32773115858274
2015-03-16,95.8167270149144
2015-03-17,95.66108102277026
2015-03-18,95.79613717278619
2015-03-19,95.58613040189351
2015-03-20,95.64003039272804
2015-03-23,95.54947431002881
2015-03-24,95.31412392515242
2015-03-25,95.52190497720164
2015-03-26,95.53314534597749
2015-03-27,95.40487219965001
2015-03-30,95.3320443916272
2015-03-31,94.77025725272946
2015-04-01,94.73628507786735
2015-04-02,94.68345566214681
2015-04-03,94.65702985861434
2015-04-06,94.63702833120985
2015-04-07,94.9954909862804
2015-04-08,94.63494322456921
2015-04-09,95.06775172423458
2015-04-10,95.10796180781364
2015-04-13,94.89220237709382
2015-04-14,94.84920859721686
2015-04-15,94.79186705029504
2015-04-16,94.83190706629073
2015-04-17,95.00014781187292
2015-04-20,95.14961099408374
2015-04-21,95.10192870530477
2015-04-22,95.32002544548808
2015-04-23,95.19537572647083
2015-04-24,95.44597098268372
2015-04-27,95.83221049758565
2015-04-28,95.69032012644774
2015-04-29,95.74723330959486
2015-04-30,96.03631424554
2015-05-01,96.33375818002942
2015-05-04,96.18396049565818
2015-05-05,96.14537923613537
2015-05-06,95.93193711367256
2015-05-07,95.78165331072407
2015-05-08,96.01105088081346
2015-05-11,95.5383273496176
2015-05-12,95.39662094861387
2015-05-13,95.16708516160253
2015-05-14,95.24384832215753
2015-05-15,95.14511830798911
2015-05-18,94.90462726099862
2015-05-19,94.96821369833695
2015-05-20,94.91696544462309
2015-05-21,95.15567903855818
2015-05-22,95.07575004913059
2015-05-25,95.0953808641131
2015-05-26,95.01000502378612
2015-05-27,95.13020344527528
2015-05-28,95.14984809518408
2015-05-29,94.90012672483233
2015-06-01,94.76711634080307
2015-06-02,94.48256694933103
2015-06-03,94.32383985875344
2015-06-04,94.32257895803887
2015-06-05,93.88679606126779
2015-06-08,93.80923352478
2015-06-09,93.97069863041733
2015-06-10,94.03478374280188
2015-06-11,94.09206503671798
2015-06-12,93.86449160703842
2015-06-15,93.8043013808849
2015-06-16,93.79747381727366
2015-06-17,93.82664808051429
2015-06-18,93.9012538337394
2015-06-19,93.59855410162045
2015-06-22,94.05517617354597
2015-06-23,93.95017040682777
2015-06-24,94.06217154470987
2015-06-25,93.95997767105877
2015-06-26,93.97192774776313
2015-06-29,93.95812712253864
2015-06-30,93.56224563149446
2015-07-01,93.78585452325046
2015-07-02,94.08635003453387
2015-07-03,94.12193281448224
2015-07-06,94.05170512157056
2015-07-07,94.12828722933816
2015-07-08,94.36405684127908
2015-07-09,94.49311444235586
2015-07-10,94.80124035558566
2015-07-13,94.77088979055402
2015-07-14,94.82247768403752
2015-07-15,95.11725185481319
2015-07-16,95.27278621531391
2015-07-17,95.62753925850359
2015-07-20,95.89575605187378
2015-07-21,95.78499719676934
2015-07-22,95.38518911209844
2015-07-23,95.60909308041722
2015-07-24,95.55063894858348
2015-07-27,95.88356900531281
2015-07-28,95.96886334686047
2015-07-29,95.93635520551469
2015-07-30,95.98413818020364
2015-07-31,95.65031183186787
2015-08-03,95.6849143078897
2015-08-04,95.6224191285034
2015-08-05,95.82476660366875
2015-08-06,95.9196385513795
2015-08-07,96.05595879696321
2015-08-10,95.94927823808072
2015-08-11,95.70407070056972
2015-08-12,95.6500035757818
2015-08-13,95.65351159780144
2015-08-14,95.3747132545951
2015-08-17,95.11543206804514
2015-08-18,95.21481086810086
2015-08-19,95.2498634941013
2015-08-20,95.40029776307476
2015-08-21,94.56807609672353
2015-08-24,94.4344163105188
2015-08-25,94.33420907379028
2015-08-26,94.81937044773612
2015-08-27,95.15016554374074
2015-08-28,94.70873644488745
2015-08-31,94.26682128488137
2015-09-01,94.0100210185953
2015-09-02,94.3412947643796
2015-09-03,94.40478131876044
2015-09-04,93.91864005609017
2015-09-07,94.05819476766996
2015-09-08,94.28697364650584
2015-09-09,94.37420689425161
2015-09-10,94.2221065276187
2015-09-11,94.01952229532937
2015-09-14,93.97284204717825
2015-09-15,94.16589748866144
2015-09-16,94.39552822408164
2015-09-17,93.95972538648073
2015-09-18,93.59243741358885
2015-09-21,93.84636586941639
2015-09-22,93.68521870955504
2015-09-23,93.68377200977233
2015-09-24,93.65078917389152
2015-09-25,94.2317199913912
2015-09-28,94.09378496098721
2015-09-29,94.44225250263092
2015-09-30,94.8810984876813
2015-10-01,94.99389951613274
2015-10-02,94.97554526836517
2015-10-05,94.91550452799977
2015-10-06,95.0511554507973
2015-10-07,94.86215198658702
2015-10-08,94.92617985004802
2015-10-09,94.99820644187282
2015-10-12,95.11058425250819
2015-10-13,95.34454694875069
2015-10-14,95.39117482497889
2015-10-15,95.27392830324423
2015-10-16,95.85046907136527
2015-10-19,95.60473653551446
2015-10-20,95.4322000693775
2015-10-21,95.77153569366097
2015-10-22,96.51762105919492
2015-10-23,96.79131755848628
2015-10-26,96.93464532867812
2015-10-27,97.37240366880182
2015-10-28,96.86653443355769
2015-10-29,97.09271743051148
2015-10-30,96.80327177008687
2015-11-02,96.36745846152351
2015-11-03,96.40515104906602
2015-11-04,96.47281566537823
2015-11-05,96.25345700174033
2015-11-06,95.9809920454872
2015-11-09,95.92158598782125
2015-11-10,95.89272934010383
2015-11-11,96.09326559159422
2015-11-12,96.35092435287177
2015-11-13,95.99017303833283
2015-11-16,96.21637366419802
2015-11-17,96.47700212798702
2015-11-18,96.49161010044514
2015-11-19,96.63574290405023
2015-11-20,96.49254974799732
2015-11-23,96.13702797724021
2015-11-24,95.8438750203121
2015-11-25,95.59590723801716
2015-11-26,95.67046740999193
2015-11-27,95.40900577604796
2015-11-30,95.18169707381959
2015-12-01,95.38158518693191
2015-12-02,95.31589941029897
2015-12-03,95.10086690062299
2015-12-04,95.57571716426312
2015-12-07,96.01861100033106
2015-12-08,95.90819507746455
2015-12-09,96.03414163475303
2015-12-10,96.0577476419038
2015-12-11,95.94346884318179
2015-12-14,96.40145020640018
2015-12-15,96.54384617549218
2015-12-16,96.63897370679081
2015-12-17,96.45761375908488
2015-12-18,95.95560309578899
2015-12-21,96.02589327224763
2015-12-22,96.06904808651495
2015-12-23,96.21184431597115
2015-12-24,96.12034163464642
2015-12-25,96.11662048410065
2015-12-28,96.11668893112781
2015-12-29,96.16461084515738
2015-12-30,96.07235216869181
2015-12-31,95.97285641494078
2016-01-01,95.97285641494078
2016-01-04,95.87345296822109
2016-01-05,95.99531508241724
2016-01-06,96.03815684278834
2016-01-07,96.11053452713502
2016-01-08,96.24743792659123
2016-01-11,96.6061496851837
2016-01-12,97.16669783128195
2016-01-13,97.42917952897726
2016-01-14,97.86616378603765
2016-01-15,97.53721078593759
2016-01-18,97.80455953046364
2016-01-19,98.48501056147269
2016-01-20,97.78854719573278
2016-01-21,98.33225323436046
2016-01-22,98.13933327091877
2016-01-25,98.13458938888444
2016-01-26,97.83240480093964
2016-01-27,97.9069185171509
2016-01-28,98.02795413046131
2016-01-29,97.77730758454531
2016-02-01,97.57955487553527
2016-02-02,97.53174881020239
2016-02-03,97.38978347333844
2016-02-04,97.31843557927264
2016-02-05,97.657847807747
2016-02-08,98.03053624772622
2016-02-09,98.38669534434159
2016-02-10,98.38368068426657
2016-02-11,97.99084764379211
2016-02-12,98.563845802342
2016-02-15,98.54046604121565
2016-02-16,98.28224394422918
2016-02-17,98.21681332837251
2016-02-18,97.80743306874565
2016-02-19,97.60220881123043
2016-02-22,97.77001269322767
2016-02-23,97.38612770974608
2016-02-24,96.81974303260799
2016-02-25,97.01550909991536
2016-02-26,96.71410938670424
2016-02-29,96.2566123088309
2016-03-01,96.56574257057814
2016-03-02,96.3540563323981
2016-03-03,95.92189862279726
2016-03-04,95.58601521649148
2016-03-07,95.10152377721055
2016-03-08,95.83714860187298
2016-03-09,96.00256409072921
2016-03-10,96.0880524416939
2016-03-11,96.03480932052486
2016-03-14,96.03210848649262
2016-03-15,96.45476916259324
2016-03-16,96.13964262575735
2016-03-17,95.61331849807308
2016-03-18,95.32441136196226
2016-03-21,95.46445204649872
2016-03-22,95.36392515338143
2016-03-23,96.01266857596946
2016-03-24,95.62891277444326
2016-03-25,95.72355113987894
2016-03-28,95.65296673952693
2016-03-29,94.96304790833575
2016-03-30,95.09119187573872
2016-03-31,94.77757459239244
2016-04-01,94.8263562704021
2016-04-04,95.10336612780988
2016-04-05,95.02772179901297
2016-04-06,95.08337671937916
2016-04-07,95.00647458677514
2016-04-08,94.89383570718799
2016-04-11,94.72006332625796
2016-04-12,94.8636375597863
2016-04-13,94.70921983136331
2016-04-14,94.97602513663789
2016-04-15,94.84083300718774
2016-04-18,94.84908434812594
2016-04-19,95.01917264673524
2016-04-20,95.15104393978068
2016-04-21,95.31086383571795
2016-04-22,94.84444497327696
2016-04-25,94.94218360473992
2016-04-26,94.57237976580683
2016-04-27,94.24410978313752
2016-04-28,94.21871610791345
2016-04-29,94.0117987309077
2016-05-02,94.06253832113006
2016-05-03,94.2869669315216
2016-05-04,94.12596122429612
2016-05-05,94.21230892723662
2016-05-06,93.99197649080386
2016-05-09,94.07261339108652
2016-05-10,94.29385645350294
2016-05-11,94.19711249609263
2016-05-12,94.33959733491616
2016-05-13,94.3156976072781
2016-05-16,94.25812822388663
2016-05-17,94.23425383137163
2016-05-18,94.33789195353866
2016-05-19,94.28591776844318
2016-05-20,93.90814347730593
2016-05-23,93.54733239352208
2016-05-24,93.59280452533474
2016-05-25,93.73947343444685
2016-05-26,93.8465634803252
2016-05-27,93.6734044247236
2016-05-30,93.70489549651533
2016-05-31,93.2945229477957
2016-06-01,92.99074497947282
2016-06-02,92.75353876990948
2016-06-03,92.68008380317504
2016-06-06,92.49636674288656
2016-06-07,92.4374615774776
2016-06-08,92.1987190998217
2016-06-09,92.17349175706632
2016-06-10,92.4804719818654
2016-06-13,92.79463000718015
2016-06-14,92.95065050408286
2016-06-15,92.77352150701869
2016-06-16,93.31417458483385
2016-06-17,93.07145607493361
2016-06-20,92.77259616452214
2016-06-21,93.1653028149825
2016-06-22,93.38059148714397
2016-06-23,93.22833195564596
2016-06-24,93.24837039664696
2016-06-27,94.14803305588089
2016-06-28,94.12572885456085
2016-06-29,94.1217078137495
2016-06-30,93.97367167245463
2016-07-01,93.75153695442363
2016-07-04,93.76902509099448
2016-07-05,94.26676431280178
2016-07-06,94.0901029345338
2016-07-07,93.97536840443645
2016-07-08,93.69890478942419
2016-07-11,93.32167475648126
2016-07-12,93.19093804638466
2016-07-13,93.37732646480404
2016-07-14,93.66291219139133
2016-07-15,93.74452832895734
2016-07-18,93.66173694705714
2016-07-19,93.67077141125475
2016-07-20,93.5978267131915
2016-07-21,93.63412268189303
2016-07-22,93.61821045797043
2016-07-25,93.52851888108381
2016-07-26,93.19917546317185
2016-07-27,93.0502883707599
2016-07-28,92.92472959026713
2016-07-29,92.79347754359638
2016-08-01,92.91359267890816
2016-08-02,93.03424380827114
2016-08-03,92.9273540741608
2016-08-04,92.92478849312661
2016-08-05,92.89061539862062
2016-08-08,92.91170680746164
2016-08-09,92.97803151557912
2016-08-10,93.02197160353668
2016-08-11,93.1350264025719
2016-08-12,92.9305415135729
2016-08-15,92.66140241369561
2016-08-16,92.82195246577166
2016-08-17,93.16710218933477
2016-08-18,92.77145537156007
2016-08-19,92.70779528849692
2016-08-22,92.55678676793899
2016-08-23,92.36117303782227
2016-08-24,92.5566537063993
2016-08-25,92.35793700216536
2016-08-26,92.40170680312335
2016-08-29,92.42353755205446
2016-08-30,92.49825908001785
2016-08-31,92.62175856512692
2016-09-01,92.47818103427382
2016-09-02,92.41392056341738
2016-09-05,92.35335860192708
2016-09-06,92.15502189939237
2016-09-07,91.82772126706479
2016-09-08,91.78566588965899
2016-09-09,92.17047948124703
2016-09-12,92.29326457274301
2016-09-13,92.41409686385218
2016-09-14,92.4666768076791
2016-09-15,92.4310271281864
2016-09-16,92.18429170158038
2016-09-19,91.9743380650667
2016-09-20,92.23738999153335
2016-09-21,92.03783139440513
2016-09-22,91.7995761885337
2016-09-23,91.78853245824294
2016-09-26,91.60003848595862
2016-09-27,91.81740781531491
2016-09-28,91.58056640149532
2016-09-29,91.78195911600002
2016-09-30,91.75076314001726
2016-10-03,91.75809790153714
2016-10-04,91.9692530332141
2016-10-05,91.92413684135391
2016-10-06,92.0406614760823
2016-10-07,92.27712913404433
2016-10-10,92.14611795393965
2016-10-11,92.30760410554059
2016-10-12,92.30481956933033
2016-10-13,92.29875297869964
2016-10-14,92.55279215251147
2016-10-17,92.45536765052242
2016-10-18,92.42690888008528
2016-10-19,92.23991905550606
2016-10-20,92.40770267306051
2016-10-21,92.46452176524724
2016-10-24,92.51314680562103
2016-10-25,92.82689146787386
2016-10-26,93.1401098454318
2016-10-27,93.79283283954123
2016-10-28,93.59951555921289
2016-10-31,93.37706055947903
2016-11-01,93.45104175372958
2016-11-02,93.67799410765845
2016-11-03,93.47483671836639
2016-11-04,93.24652740871282
2016-11-07,93.44413583792222
2016-11-08,93.65471330574944
2016-11-09,93.1660878088828
2016-11-10,92.70255452321246
2016-11-11,92.00250550640507
2016-11-14,91.25030679327261
2016-11-15,91.3773123850693
2016-11-16,91.24297973071918
2016-11-17,91.27574850115239
2016-11-18,90.84974369706535
2016-11-21,91.03218002743101
2016-11-22,90.61576701139343
2016-11-23,90.42744749330583
2016-11-24,90.49161852604345
2016-11-25,90.59587370479339
2016-11-28,90.75881556795812
2016-11-29,90.90402506653601
2016-11-30,90.82065652376608
2016-12-01,90.87173997124904
2016-12-02,90.86901530202911
2016-12-05,90.49701053630632
2016-12-06,90.26673601635268
2016-12-07,90.5613536065001
2016-12-08,90.04512459755688
2016-12-09,90.42160980347236
2016-12-12,90.86178661585144
2016-12-13,91.26385170566735
2016-12-14,91.52005596334054
2016-12-15,91.57713609670094
2016-12-16,91.52843097042478
2016-12-19,91.29569235273748
2016-12-20,91.14330360408461
2016-12-21,91.24585661743231
2016-12-22,91.55710346522307
2016-12-23,91.32826782338186
2016-12-26,91.28301028784836
2016-12-27,91.13453375512503
2016-12-28,91.1233780368434
2016-12-29,90.94074304564974
2016-12-30,90.84265828655096
2017-01-02,90.80173429516135
2017-01-03,90.92047123083421
2017-01-04,90.3726874658892
2017-01-05,90.69128702237144
2017-01-06,91.04751092890184
2017-01-09,91.24907745812321
2017-01-10,90.83803603879804
2017-01-11,90.90999894293456
2017-01-12,91.08187964700633
2017-01-13,90.9565396869317
2017-01-16,90.92082642498698
2017-01-17,91.25890831630649
2017-01-18,91.15607528280893
2017-01-19,91.38981765920362
2017-01-20,91.34703348083843
2017-01-23,91.17802994366566
2017-01-24,90.75395739990469
2017-01-25,90.80224631242865
2017-01-26,90.99626731625592
2017-01-27,91.1581458873592
2017-01-30,91.3464857512331
2017-01-31,90.89570276924167
2017-02-01,90.90771269940242
2017-02-02,90.97199003149052
2017-02-03,90.67134828330386
2017-02-06,90.85562793086106
2017-02-07,90.97144544771128
2017-02-08,90.97880829652932
2017-02-09,90.73284532434008
2017-02-10,90.51657146571567
2017-02-13,90.68014487880208
2017-02-14,90.57747079401122
2017-02-15,90.6750084057273
2017-02-16,90.71238616264198
2017-02-17,90.8331843238611
2017-02-20,90.78746710895777
2017-02-21,90.70073093410593
2017-02-22,90.97057225999872
2017-02-23,91.24179223140608
2017-02-24,91.31340881551185
2017-02-27,90.9211881594643
2017-02-28,91.35236817233717
2017-03-01,91.3335850286322
2017-03-02,91.6845614712816
2017-03-03,91.76937746228406
2017-03-06,91.91862966412316
2017-03-07,92.11081594749612
2017-03-08,92.31215093571562
2017-03-09,92.62301127896696
2017-03-10,92.59205946974346
2017-03-13,92.45072100825911
2017-03-14,92.55073821047553
2017-03-15,92.2359849076841
2017-03-16,92.05910566505872
2017-03-17,91.81027529114479
2017-03-20,91.86461008730734
2017-03-21,92.3895307592597
2017-03-22,92.55393218924466
2017-03-23,92.24244300757951
2017-03-24,92.1748523333927
2017-03-27,92.15461201892856
2017-03-28,92.10019980272075
2017-03-29,92.06626530919213
2017-03-30,91.91112682305621
2017-03-31,91.62939243961132
2017-04-03,91.92921552005946
2017-04-04,92.02688637432175
2017-04-05,92.29244420201655
2017-04-06,91.98018183997108
2017-04-07,91.901107547324
2017-04-10,91.72656729234868
2017-04-11,91.34562028043331
2017-04-12,91.6853482355419
2017-04-13,91.73429048227501
2017-04-14,91.8033872569041
2017-04-17,91.61266290715275
2017-04-18,91.30963537814912
2017-04-19,90.95707734216892
2017-04-20,90.89963843628954
2017-04-21,90.874012000013
2017-04-24,91.17913793170237
2017-04-25,91.0936702817615
2017-04-26,90.84986004189443
2017-04-27,90.77985002550169
2017-04-28,91.10912085007205
2017-05-01,91.02999951735359
2017-05-02,91.168057464212
2017-05-03,91.4999254493226
2017-05-04,91.78753157429085
2017-05-05,91.70222747391705
2017-05-08,91.76164079602876
2017-05-09,91.64612418313527
2017-05-10,91.40524109595553
2017-05-11,91.5868737337576
2017-05-12,91.8804812608585
2017-05-15,91.8058513542718
2017-05-16,91.78002158462047
2017-05-17,91.97439781029178
2017-05-18,91.98271066866558
2017-05-19,91.95442782090204
2017-05-22,91.86981671653335
2017-05-23,91.81558592967656
2017-05-24,91.82797338655811
2017-05-25,92.06147586852103
2017-05-26,92.0938445359819
2017-05-29,92.10850783599722
2017-05-30,92.31859681075488
2017-05-31,92.32120688316903
2017-06-01,91.79288843618772
2017-06-02,91.7969113771535
2017-06-05,91.95678625176208
2017-06-06,91.90901982340068
2017-06-07,91.9256987240059
2017-06-08,91.52020438242958
2017-06-09,91.44351583983205
2017-06-12,91.47738515847956
2017-06-13,91.2882360268908
2017-06-14,91.38251160432429
2017-06-15,91.72125923284555
2017-06-16,91.78321169357474
2017-06-19,91.86730352804913
2017-06-20,91.95337934323018
2017-06-21,92.11149780664228
2017-06-22,91.94352667514868
2017-06-23,91.61632221302112
2017-06-26,91.5530870560348
2017-06-27,91.66850225634806
2017-06-28,91.55078262314287
2017-06-29,91.39761011620666
2017-06-30,91.2615877542561
2017-07-03,91.2453790531926
2017-07-04,91.32613500153091
2017-07-05,91.52395169360587
2017-07-06,91.69102483120415
2017-07-07,91.584531623658
2017-07-10,91.84295312479946
2017-07-11,91.63531233250933
2017-07-12,91.69422407394295
2017-07-13,91.65209718672814
2017-07-14,91.64454633756785
2017-07-17,91.45116639249011
2017-07-18,91.45202249738118
2017-07-19,91.18883687874057
2017-07-20,91.24333272199445
2017-07-21,91.28085052662058
2017-07-24,91.04126470547601
2017-07-25,90.8988219881403
2017-07-26,91.17624956487872
2017-07-27,91.30166309502299
2017-07-28,91.33502008408396
2017-07-31,91.36665619560551
2017-08-01,91.4746928657248
2017-08-02,91.90911014181806
2017-08-03,92.02313840249238
2017-08-04,91.93592481320991
2017-08-07,91.90860288047507
2017-08-08,91.9455293215866
2017-08-09,92.22125960637297
2017-08-10,92.15507079097272
2017-08-11,92.12107799660923
2017-08-14,92.07641278854393
2017-08-15,92.44659304356423
2017-08-16,92.39592856875387
2017-08-17,92.24891999653697
2017-08-18,92.1520372111514
2017-08-21,92.15331120656589
2017-08-22,92.25137601272797
2017-08-23,92.1004193400478
2017-08-24,91.98669434448314
2017-08-25,91.9035751794118
2017-08-28,91.81675518667068
2017-08-29,91.8209974388511
2017-08-30,91.69600902151504
2017-08-31,91.45211699137955
2017-09-01,91.23182905256742
2017-09-04,91.30682918619026
2017-09-05,91.33517576246697
2017-09-06,91.3878070203409
2017-09-07,91.39313457657391
2017-09-08,91.30852745109266
2017-09-11,91.46018805073886
2017-09-12,91.40365694569773
2017-09-13,91.39559222819457
2017-09-14,91.32887904888855
2017-09-15,91.19669192057785
2017-09-18,91.02715110690967
2017-09-19,91.09959055786885
2017-09-20,90.91479361032444
2017-09-21,90.96898360294705
2017-09-22,90.80918645719981
2017-09-25,90.5976456307216
2017-09-26,90.5602748066006
2017-09-27,90.18724744392082
2017-09-28,89.91899352259992
2017-09-29,89.97221305530769
2017-10-02,89.70821659370412
2017-10-03,89.71884119759392
2017-10-04,89.81764003128205
2017-10-05,90.00330954092718
2017-10-06,90.05708144232146
2017-10-09,90.12594937790341
2017-10-10,90.0486431445354
2017-10-11,90.12371520956243
2017-10-12,90.00156719674449
2017-10-13,90.00777908493818
2017-10-16,90.06470987728122
2017-10-17,90.37230685041673
2017-10-18,90.29574523494558
2017-10-19,90.54017589000367
2017-10-20,90.55073964915783
2017-10-23,90.66380917356506
2017-10-24,90.6242403913921
2017-10-25,90.55350300107985
2017-10-26,90.54035732339815
2017-10-27,90.61858953188165
2017-10-30,90.72527414506624
2017-10-31,90.338360223957
2017-11-01,90.60751871247312
2017-11-02,90.62155875122366
2017-11-03,90.72268611120663
2017-11-06,90.57250894642577
2017-11-07,91.06144466916399
2017-11-08,91.11486076658484
2017-11-09,91.31072288515087
2017-11-10,91.1870386115428
2017-11-13,91.36097070844441
2017-11-14,91.29974442267675
2017-11-15,91.41797547591634
2017-11-16,91.01169153901331
2017-11-17,90.65558898279129
2017-11-20,90.37135277713102
2017-11-21,90.15941040067223
2017-11-22,90.06136533880878
2017-11-23,90.06714930690549
2017-11-24,90.1538221325123
2017-11-27,90.34675617215608
2017-11-28,90.30223941540947
2017-11-29,90.1481407349028
2017-11-30,90.22737550342052
2017-12-01,90.30734199083932
2017-12-04,90.40415103270566
2017-12-05,90.64874652297604
2017-12-06,90.99650366528853
2017-12-07,90.71277121806214
2017-12-08,90.88019885528784
2017-12-11,91.13086414312937
2017-12-12,91.43643616071546
2017-12-13,91.20645367648866
2017-12-14,91.2881606298902
2017-12-15,91.14890031987545
2017-12-18,90.82836614155664
2017-12-19,90.90024984434193
2017-12-20,90.63054292871638
2017-12-21,90.57701745006095
2017-12-22,90.51706833463977
2017-12-25,90.5192054790335
2017-12-26,90.39060388789736
2017-12-27,90.2347272606201
2017-12-28,90.1257758300343
2017-12-29,90.10018505612267
2018-01-01,90.09890682200117
2018-01-02,90.01181451692406
2018-01-03,90.21515012498256
2018-01-04,90.47492928707261
2018-01-05,90.71527508950196
2018-01-08,90.65427811393532
2018-01-09,90.78104748654421
2018-01-10,90.87416291153801
2018-01-11,90.52301882899039
2018-01-12,90.69874518913083
2018-01-15,90.65336282880126
2018-01-16,90.97479772502572
2018-01-17,91.11351408616476
2018-01-18,91.36299530518667
2018-01-19,91.01639901261629
2018-01-22,91.12498130173562
2018-01-23,90.97880607287726
2018-01-24,91.01926560298377
2018-01-25,91.00347402753185
2018-01-26,91.4053844494516
2018-01-29,91.42201928683053
2018-01-30,91.48902138638944
2018-01-31,91.59528528331282
2018-02-01,91.32683724635935
2018-02-02,91.26781048398297
2018-02-05,91.02205202201205
2018-02-06,91.614341767552
2018-02-07,91.32410715397681
2018-02-08,90.81325568115977
2018-02-09,91.18634839332023
2018-02-12,91.43493275170951
2018-02-13,91.3799438926484
2018-02-14,91.21383534802537
2018-02-15,91.32547356195597
2018-02-16,91.11109734247958
2018-02-19,90.95626521399157
2018-02-20,90.95798994782797
2018-02-21,90.70353444963892
2018-02-22,90.79651420170782
2018-02-23,90.99184345883796
2018-02-26,91.3955727275237
2018-02-27,91.46441277534338
2018-02-28,91.39238115214039
2018-03-01,90.96464267662707
2018-03-02,90.45489335133286
2018-03-05,90.68570887434517
2018-03-06,90.13312660497331
2018-03-07,89.81928758673008
2018-03-08,90.08751601434415
2018-03-09,90.25950389958003
2018-03-12,90.07069522899835
2018-03-13,89.90011175916554
2018-03-14,89.82526489255335
2018-03-15,89.98972160658148
2018-03-16,89.98775348065206
2018-03-19,89.62856693088852
2018-03-20,89.72812969957644
2018-03-21,89.37400785249562
2018-03-22,89.10782050838283
2018-03-23,88.93337948193268
2018-03-26,89.32291901718921
2018-03-27,89.20799016447016
2018-03-28,89.29343476949317
2018-03-29,89.41408949979851
2018-03-30,89.37018569483266
2018-04-02,89.33692749137586
2018-04-03,89.36866412652971
2018-04-04,89.47453547019141
2018-04-05,89.65848685105524
2018-04-06,89.3083510549056
2018-04-09,89.50663471500054
2018-04-10,89.53082418445729
2018-04-11,89.17178985453421
2018-04-12,89.27297056410998
2018-04-13,89.25001499644485
2018-04-16,89.14167876598584
2018-04-17,89.29012973807885
2018-04-18,89.11440023538029
2018-04-19,89.06046178340473
2018-04-20,89.02995615092529
2018-04-23,89.14648037268397
2018-04-24,88.90662160038136
2018-04-25,89.07416081366179
2018-04-26,89.35245847202512
2018-04-27,89.46863354543436
2018-04-30,89.54716193690382
2018-05-01,89.49332765298934
2018-05-02,88.99158294376441
2018-05-03,88.89647124623832
2018-05-04,89.01581321415618
2018-05-07,88.7740691488325
2018-05-08,88.54863576492514
2018-05-09,88.72997425084478
2018-05-10,88.9734667268981
2018-05-11,88.90817425392135
2018-05-14,89.11116206634883
2018-05-15,88.8975477263806
2018-05-16,88.71164330729249
2018-05-17,88.48367074917583
2018-05-18,88.32829677004976
2018-05-21,88.39763410191975
2018-05-22,88.52401713917592
2018-05-23,88.51158026611333
2018-05-24,88.27969699289707
2018-05-25,88.1963607282889
2018-05-28,88.22481110070832
2018-05-29,87.80145910406875
2018-05-30,87.75892111159209
2018-05-31,87.66049542521482
2018-06-01,87.95008580891025
2018-06-04,87.83754477622327
2018-06-05,87.54906045258579
2018-06-06,87.66102080549602
2018-06-07,87.76269023874556
2018-06-08,87.71786200327905
2018-06-11,87.76796962360443
2018-06-12,87.59095568000829
2018-06-13,87.64132912581188
2018-06-14,87.63647118451922
2018-06-15,87.85974772323208
2018-06-18,87.47957427469477
2018-06-19,87.39471167082897
2018-06-20,87.15219515387325
2018-06-21,87.28815409175496
2018-06-22,87.42585236697347
2018-06-25,87.41540758818769
2018-06-26,87.30464160478017
2018-06-27,87.66225364355913
2018-06-28,87.89044179691942
2018-06-29,87.92361135134387
2018-07-02,88.00857153349003
2018-07-03,87.7357292030195
2018-07-04,87.78167975467011
2018-07-05,87.9101871748417
2018-07-06,87.8775088543891
2018-07-09,87.9240214047489
2018-07-10,88.22749877708945
2018-07-11,88.21020972021745
2018-07-12,88.56173480202986
2018-07-13,88.67239114077896
2018-07-16,88.77850777377407
2018-07-17,88.6991454230578
2018-07-18,88.6999109941945
2018-07-19,88.37726326711541
2018-07-20,88.55044475226946
2018-07-23,88.66095450019675
2018-07-24,89.37294792510548
2018-07-25,89.58256344757753
2018-07-26,89.13176866986876
2018-07-27,89.55031145513001
2018-07-30,89.64351127897368
2018-07-31,89.57279355440605
2018-08-01,89.4254470549598
2018-08-02,89.24026575790137
2018-08-03,89.64889368636726
2018-08-06,89.60007089508787
2018-08-07,89.71718172199462
2018-08-08,89.78065455527477
2018-08-09,89.54079856367257
2018-08-10,89.23628999836623
2018-08-13,89.481974598807
2018-08-14,89.32133259416334
2018-08-15,89.44226290597905
2018-08-16,89.61016193972203
2018-08-17,89.51104460003685
2018-08-20,89.5297262524975
2018-08-21,89.01362114276542
2018-08-22,88.79833760347695
2018-08-23,88.76428807830808
2018-08-24,88.82988070795435
2018-08-27,89.03837124914452
2018-08-28,89.02626108320997
2018-08-29,89.17757938326365
2018-08-30,89.00427904006388
2018-08-31,88.65661357219878
2018-09-03,88.7896783199911
2018-09-04,88.8064759291059
2018-09-05,88.70402006982017
2018-09-06,88.8230343114641
2018-09-07,88.86806874248569
2018-09-10,88.83849907845749
2018-09-11,88.98796802033635
2018-09-12,89.05361853226664
2018-09-13,89.4216440995143
2018-09-14,89.20087231029554
2018-09-17,89.36171861150237
2018-09-18,89.42000282267442
2018-09-19,89.76733565317791
2018-09-20,89.87437719504929
2018-09-21,90.16149765435195
2018-09-24,90.16280796794624
2018-09-25,90.0230910196305
2018-09-26,90.34343227966015
2018-09-27,90.70843086439348
2018-09-28,90.45125962512127
2018-10-01,91.14656809335013
2018-10-02,91.55478065145897
2018-10-03,91.30673869369163
2018-10-04,91.6038899764133
2018-10-05,91.82159617088728
2018-10-08,91.99606753514215
2018-10-09,92.35342882858583
2018-10-10,92.01751922111623
2018-10-11,91.80880061201738
2018-10-12,92.28092929813718
2018-10-15,91.92894293674244
2018-10-16,91.67388395014818
2018-10-17,91.71897745970534
2018-10-18,91.78112772545241
2018-10-19,92.53474847661522
2018-10-22,92.52133162880264
2018-10-23,92.93667031642444
2018-10-24,92.96401023316348
2018-10-25,93.3009798647172
2018-10-26,93.00744191125949
2018-10-29,92.98017755880336
2018-10-30,92.8318577303521
2018-10-31,92.9933544527566
2018-11-01,92.2936629196855
2018-11-02,91.7790496016063
2018-11-05,92.17123708345319
2018-11-06,92.24604739383098
2018-11-07,92.45076605023708
2018-11-08,92.48093347778129
2018-11-09,92.77559590969207
2018-11-12,92.93539007608582
2018-11-13,93.11720150163464
2018-11-14,93.14362043452724
2018-11-15,93.15436813117714
2018-11-16,93.21341540563351
2018-11-19,93.36155350898926
2018-11-20,93.35937290901337
2018-11-21,92.99182939288565
2018-11-22,92.81194628626294
2018-11-23,92.46341793135547
2018-11-26,92.7781037818677
2018-11-27,93.38033455053123
2018-11-28,93.31735575816828
2018-11-29,93.23887511199835
2018-11-30,93.3603679213703
2018-12-03,93.45226193607122
2018-12-04,93.92105214419648
2018-12-05,93.88742729452855
2018-12-06,93.85550978088982
2018-12-07,93.60085258371824
2018-12-10,94.2755965880729
2018-12-11,94.51713835111885
2018-12-12,94.28888402241247
2018-12-13,95.01825841555801
2018-12-14,94.81401471494618
2018-12-17,95.07108277467142
2018-12-18,95.08355313093934
2018-12-19,95.1897603001573
2018-12-20,95.39862964417115
2018-12-21,95.51682326324529
2018-12-24,95.06952389848391
2018-12-25,95.22013819332042
2018-12-26,95.3887450268455
2018-12-27,95.48179039944344
2018-12-28,95.19805040822894
2018-12-31,95.06012476791744
2019-01-01,95.05632762632604
2019-01-02,94.95057649228254
2019-01-03,94.36925377077847
2019-01-04,94.61467073513413
2019-01-07,93.73324392794623
2019-01-08,93.38129272083157
2019-01-09,93.06454654328981
2019-01-10,93.08181931801447
2019-01-11,92.98603269596974
2019-01-14,93.10342939360747
2019-01-15,93.3490767217876
2019-01-16,93.03927884331848
2019-01-17,92.9877183025348
2019-01-18,93.14640949245563
2019-01-21,93.06764237551454
2019-01-22,93.0705684525969
2019-01-23,93.31684955399588
2019-01-24,92.92388919749749
2019-01-25,92.69509222347594
2019-01-28,92.4287943264645
2019-01-29,92.38648149103099
2019-01-30,92.8818806080174
2019-01-31,92.83881576799328
2019-02-01,92.84027700478558
2019-02-04,92.54802327640408
2019-02-05,92.83753685054744
2019-02-06,92.72196584471175
2019-02-07,92.69667713044875
2019-02-08,92.8448115535906
2019-02-11,92.54200760341811
2019-02-12,92.53968536807433
2019-02-13,92.47268869599081
2019-02-14,92.24766548598804
2019-02-15,92.25127405660605
2019-02-18,92.1077379842732
2019-02-19,92.07489396607623
2019-02-20,92.00393565177377
2019-02-21,91.9641129552699
2019-02-22,91.86301534573258
2019-02-25,91.9090166349159
2019-02-26,92.18057023321096
2019-02-27,92.03712242493417
2019-02-28,92.08593576333384
2019-03-01,91.95789210196544
2019-03-04,92.00959706906164
2019-03-05,92.21159954222914
2019-03-06,92.79229838906436
2019-03-07,92.86963974681142
2019-03-08,92.96907448211674
2019-03-11,92.94394203173043
2019-03-12,92.9333777814621
2019-03-13,93.09822092604587
2019-03-14,93.26222401415829
2019-03-15,93.4305435422775
2019-03-18,93.35262446092797
2019-03-19,93.55175319414653
2019-03-20,93.75072199385399
2019-03-21,93.72276969152665
2019-03-22,94.23454112135141
2019-03-25,94.1958217073294
2019-03-26,93.9279995319905
2019-03-27,93.89241720428689
2019-03-28,93.74156779468515
2019-03-29,93.85286318720989
2019-04-01,93.81042684384981
2019-04-02,93.94180648118758
2019-04-03,93.70648287717806
2019-04-04,93.70829358727521
2019-04-05,93.52850933918268
2019-04-08,93.64091528375413
2019-04-09,93.93639343586807
2019-04-10,93.48043074221452
2019-04-11,93.49318818572426
2019-04-12,93.53482812896156
2019-04-15,93.48944480162332
2019-04-16,93.52408391382701
2019-04-17,93.964637168044
2019-04-18,94.19769829152185
2019-04-19,94.14963180110122
2019-04-22,94.39599043628148
2019-04-23,94.14934020247091
2019-04-24,93.83998434999332
2019-04-25,94.17878036885384
2019-04-26,94.02030419055947
2019-04-29,93.98422456033444
2019-04-30,94.20724380822524
2019-05-01,94.30302165050185
2019-05-02,94.10381406112926
2019-05-03,93.73286571016686
2019-05-06,93.48712093650471
2019-05-07,93.45170913244878
2019-05-08,93.69107765711775
2019-05-09,93.73313131807186
2019-05-10,93.73771624986873
2019-05-13,94.05003683717338
2019-05-14,93.9162822359159
2019-05-15,94.11350580993206
2019-05-16,94.30262814014264
2019-05-17,94.59511402156157
2019-05-20,94.80245040587381
2019-05-21,94.60105843669811
2019-05-22,94.84414723575952
2019-05-23,95.08064140550364
2019-05-24,94.81833639949541
2019-05-27,94.86980943251442
2019-05-28,94.66614361060434
2019-05-29,94.74022035202448
2019-05-30,95.0244502343394
2019-05-31,94.86655911732987
2019-06-03,94.80164141668219
2019-06-04,94.63267103726822
2019-06-05,94.96110017685375
2019-06-06,95.42287837506854
2019-06-07,95.68261116269322
2019-06-10,95.72739885240239
2019-06-11,95.80764201702003
2019-06-12,95.62648382036798
2019-06-13,95.49577283754068
2019-06-14,95.83253141118215
2019-06-17,95.76639459948176
2019-06-18,95.9496512521137
2019-06-19,95.90712969986028
2019-06-20,96.02612877965552
2019-06-21,96.35203254475583
2019-06-24,96.84606710546623
2019-06-25,96.61920107551029
2019-06-26,96.74741533503882
2019-06-27,96.02060612131385
2019-06-28,95.58448597680221
2019-07-01,95.6872599583651
2019-07-02,96.05526330027955
2019-07-03,96.07160470872645
2019-07-04,95.9819020131435
2019-07-05,95.81024513876694
2019-07-08,96.07957943879772
2019-07-09,96.26556331656896
2019-07-10,96.35779106929861
2019-07-11,96.5280631225768
2019-07-12,96.31138179458759
2019-07-15,96.54293000572846
2019-07-16,96.43372853826392
2019-07-17,96.42224822507457
2019-07-18,96.59715008288082
2019-07-19,96.30829888660774
2019-07-22,96.4987991442125
2019-07-23,96.55019268933526
2019-07-24,95.93175717662133
2019-07-25,96.01987041493197
2019-07-26,96.01331297299161
2019-07-29,96.30773484809087
2019-07-30,95.63976940303026
2019-07-31,95.49524121051509
2019-08-01,95.8333120181497
2019-08-02,95.88819064186961
2019-08-05,95.72466838770733
2019-08-06,95.84553528018027
2019-08-07,95.9041891652225
2019-08-08,95.87811097546758
2019-08-09,96.0971087243576
2019-08-12,96.20468428350075
2019-08-13,96.6352684492859
2019-08-14,96.333639141168
2019-08-15,96.74028534949507
2019-08-16,96.52753875046459
2019-08-19,96.62229666575348
2019-08-20,96.40006595219732
2019-08-21,96.53498512811223
2019-08-22,96.44605231014503
2019-08-23,96.22329172516834
2019-08-26,96.58483300662606
2019-08-27,96.9043133797757
2019-08-28,96.85891369265208
2019-08-29,96.89380078919969
2019-08-30,96.7750053924594
2019-09-02,96.90080791663273
2019-09-03,97.13739403109896
2019-09-04,97.29962435798522
2019-09-05,97.14039500780103
2019-09-06,97.38092650548316
2019-09-09,96.86693619743006
2019-09-10,96.60192851837817
2019-09-11,96.10581809223004
2019-09-12,96.37813980243348
2019-09-13,96.14868140394212
2019-09-16,95.6786746181681
2019-09-17,96.00926052469156
2019-09-18,96.25967372742345
2019-09-19,96.33996196012757
2019-09-20,96.08483743497735
2019-09-23,96.06030510462722
2019-09-24,96.2301270728892
2019-09-25,96.18938264882262
2019-09-26,96.54006436197871
2019-09-27,96.7648546098338
2019-09-30,96.85198406423987
2019-10-01,96.9369223816835
2019-10-02,96.28883243347124
2019-10-03,96.55118651662862
2019-10-04,96.82434400252733
2019-10-07,96.76579900058957
2019-10-08,96.61653307778978
2019-10-09,96.89063525952342
2019-10-10,97.14501745754312
2019-10-11,96.82328881575138
2019-10-14,96.91994566687157
2019-10-15,96.9176476391857
2019-10-16,96.80042778034546
2019-10-17,96.39218353766195
2019-10-18,96.29564909742403
2019-10-21,96.25210811267834
2019-10-22,96.21572937104925
2019-10-23,96.3153944985203
2019-10-24,96.49901793202507
2019-10-25,96.45922690789611
2019-10-28,96.4378256229078
2019-10-29,96.21982737434817
2019-10-30,96.54193872590868
2019-10-31,96.63515275030022
2019-11-01,96.34802044147517
2019-11-04,96.35173076338408
2019-11-05,96.23566657607361
2019-11-06,96.60959295129686
2019-11-07,96.62409110608476
2019-11-08,96.62854981380868
2019-11-11,96.48685203265792
2019-11-12,96.64679954085175
2019-11-13,96.82846588236417
2019-11-14,96.71244490917859
2019-11-15,96.7527357448721
2019-11-18,96.86682439879625
2019-11-19,96.65531203887755
2019-11-20,96.57070546892726
2019-11-21,96.83618165263535
2019-11-22,96.82875856300228
2019-11-25,96.41786056158507
2019-11-26,96.25871276753723
2019-11-27,96.0994480785599
2019-11-28,96.07828633194352
2019-11-29,96.14517022704631
2019-12-02,96.05451623431426
2019-12-03,95.85732520254578
2019-12-04,95.69925066972549
2019-12-05,95.66703255584567
2019-12-06,95.686762209264
2019-12-09,95.64073712040775
2019-12-10,95.57906208274105
2019-12-11,95.81123798776424
2019-12-12,95.94422283663161
2019-12-13,96.02810941420621
2019-12-16,96.03439891865304
2019-12-17,95.89749177037291
2019-12-18,95.7691421171816
2019-12-19,95.82539351964277
2019-12-20,95.91142262990093
2019-12-23,95.85402022311371
2019-12-24,95.66444844206242
2019-12-25,95.68453187416758
2019-12-26,95.91006727968104
2019-12-27,95.97965363041094
2019-12-30,95.7292675254794
2019-12-31,95.74515652274519
2020-01-01,95.74125284397257
2020-01-02,96.22810483069634
2020-01-03,96.03945055564826
2020-01-06,96.34396355722993
2020-01-07,96.25132127734615
2020-01-08,96.64119179859388
2020-01-09,96.90840083977035
2020-01-10,96.92041381204652
2020-01-13,96.93977536015
2020-01-14,96.73396798913895
2020-01-15,96.66313010476769
2020-01-16,96.58150271365682
2020-01-17,96.98219195219997
2020-01-20,96.9136723382587
2020-01-21,97.12276000321317
2020-01-22,97.14545932798327
2020-01-23,97.31489816547395
2020-01-24,97.47038853964615
2020-01-27,97.2993247127631
2020-01-28,97.55904482545894
2020-01-29,97.71358790409118
2020-01-30,98.04614968192155
2020-01-31,97.85839885111335
2020-02-03,97.97995851816472
2020-02-04,98.06227293267995
2020-02-05,97.9111510672189
2020-02-06,98.37352581245271
2020-02-07,98.75741082228818
2020-02-10,98.8664844845818
2020-02-11,98.52935975734621
2020-02-12,98.46626792916405
2020-02-13,98.17113779156867
2020-02-14,98.30309258038325
2020-02-17,98.4082143369201
2020-02-18,98.47449512273836
2020-02-19,98.49396582906652
2020-02-20,98.14043627227053
2020-02-21,98.0720878817267
2020-02-24,97.78107024302024
2020-02-25,97.96658010028132
2020-02-26,98.64449971671347
2020-02-27,98.19356080426925
2020-02-28,98.58699317456174
2020-03-02,99.75918341096119
2020-03-03,98.95882371895786
2020-03-04,100.1611013044932
2020-03-05,100.09366437402663
2020-03-06,100.29023970279809
2020-03-09,101.05961646675719
2020-03-10,102.36393637034485
2020-03-11,103.33466348373263
2020-03-12,104.01498462148666
2020-03-13,106.65739281938426
2020-03-16,107.76610797032713
2020-03-17,109.61897799107255
2020-03-18,112.82652762018279
2020-03-19,110.36869655601507
2020-03-20,109.30795139268797
2020-03-23,108.64153568264484
2020-03-24,108.74104424439712
2020-03-25,107.70886864099593
2020-03-26,107.85918050452095
2020-03-27,107.22783291513112
2020-03-30,108.62049408636634
2020-03-31,107.57218071612004
2020-04-01,108.44312179083929
2020-04-02,109.77397466169575
2020-04-03,110.87256167367602
2020-04-06,110.7268658542561
2020-04-07,109.43782146461004
2020-04-08,108.48260125341999
2020-04-09,106.64021689262819
2020-04-10,106.53626904490321
2020-04-13,107.42510253807127
2020-04-14,108.1441376498147
2020-04-15,109.50907239585271
2020-04-16,109.86266378273972
2020-04-17,109.19326533362334
2020-04-20,108.68748123076917
2020-04-21,108.12964560407563
2020-04-22,109.01786654482817
2020-04-23,107.75298215116378
2020-04-24,107.86694359779034
2020-04-27,106.41988642964432
2020-04-28,105.1993509300706
2020-04-29,104.04012826118321
2020-04-30,104.82164762046025
2020-05-01,105.18650989881108
2020-05-04,105.44289958366195
2020-05-05,105.54764151899154
2020-05-06,105.43271175232621
2020-05-07,105.08165371936515
2020-05-08,104.02962979279962
2020-05-11,104.42120431579248
2020-05-12,105.25608775077328
2020-05-13,106.13300986538906
2020-05-14,106.81908159136285
2020-05-15,106.1324221285553
2020-05-18,104.74118814944127
